started 2026-10-09T19:22:51+08:00 pid=3524014 ppid=3524012
Starting kit application with the following args:  ['<SIM_HOME>/isaacsim-5.1.0/exts/isaacsim.simulation_app/isaacsim/simulation_app/simulation_app.py', '<SIM_HOME>/isaacsim-5.1.0/apps/isaacsim.exp.base.python.kit', '--/app/tokens/exe-path=<SIM_HOME>/isaacsim-5.1.0/kit', '--/persistent/app/viewport/displayOptions=3094', '--/rtx/materialDb/syncLoads=True', '--/rtx/hydra/materialSyncLoads=True', '--/omni.kit.plugin/syncUsdLoads=True', '--/app/renderer/resolution/width=1280', '--/app/renderer/resolution/height=720', '--/app/window/width=1440', '--/app/window/height=900', '--/renderer/multiGpu/enabled=False', '--/app/fastShutdown=True', '--/app/installSignalHandlers=0', '--ext-folder', '<SIM_HOME>/isaacsim-5.1.0/exts', '--ext-folder', '<SIM_HOME>/isaacsim-5.1.0/apps', '--/app/extensions/fsWatcherEnabled=0', '--/physics/cudaDevice=0', '--/plugins/carb.tasking.plugin/threadCount=8', '--/plugins/omni.tbb.globalcontrol/maxThreadCount=8', '--portable', '--no-window', '--/app/window/hideUi=False']
Passing the following args to the base kit application:  ['--worker-mode', 'collect', '--worker-recipe', 'fabrica_beam_ur5e_staged', '--worker-scene-profile', 'taoyuan_grscenes_tabletop', '--worker-results-path', '<PROJECT_ROOT>/outputs/fabrica_beam_support_v166_arm_midpoint/collect_results.json', '--worker-seeds', '0', '--worker-layout-seeds', '505', '--max-trials', '1', '--start-seed', '0', '--record-live-video', '--live-video-fps', '30', '--live-video-frame-stride', '8', '--output-dir', '<PROJECT_ROOT>/outputs/fabrica_beam_support_v166_arm_midpoint', '--domain-randomization', '--skip-episode-steps', '--runtime-constraint-monitor', '--constraint-check-stride', '32', '--assembly-sequence-precheck', '--stage-trajectory-precheck', '--stage-precheck-stride', '128', '--stage-precheck-waypoints', '4', '--headless']
[Info] [carb] Logging to file: <SIM_HOME>/isaacsim-5.1.0/kit/logs/Kit/Isaac-Sim Python/5.1/kit_20261009_192255.log
2026-10-09T11:22:55Z [0ms] [Warning] [carb.crashreporter-breakpad.plugin] [previous crash] preventing upload of minidump due to user opt-out: '<SIM_HOME>/isaacsim-5.1.0/kit/data/Kit/Isaac-Sim Python/5.1/378089c0-c0ad-4440-ae9943a7-cce81ecd.dmp'
[0.049s] [ext: omni.kit.async_engine-0.0.3] startup
[0.372s] [ext: omni.metrics.core-0.0.3] startup
[0.373s] [ext: omni.client.lib-1.1.0] startup
[0.386s] [ext: omni.blobkey-1.1.2] startup
[0.386s] [ext: omni.stats-1.0.1] startup
[0.387s] [ext: omni.datastore-0.0.0] startup
[0.394s] [ext: omni.client-1.3.0] startup
[0.399s] [ext: omni.ujitso.default-1.0.0] startup
[0.401s] [ext: omni.hsscclient-1.1.2] startup
[0.404s] [ext: omni.gpu_foundation.shadercache.vulkan-1.0.0] startup
[0.406s] [ext: omni.assets.plugins-0.0.0] startup
[0.408s] [ext: omni.gpu_foundation-0.0.0] startup
[0.417s] [ext: carb.windowing.plugins-1.0.0] startup
2026-10-09T11:22:56Z [405ms] [Warning] [carb.windowing-glfw.plugin] GLFW initialization failed.
2026-10-09T11:22:56Z [405ms] [Warning] [carb] Failed to startup plugin carb.windowing-glfw.plugin (interfaces: [carb::windowing::IGLContext v1.0],[carb::windowing::IWindowing v1.5]) (impl: carb.windowing-glfw.plugin)
[0.418s] [ext: omni.kit.renderer.init-0.0.0] startup
2026-10-09T11:22:56Z [448ms] [Warning] [omni.platforminfo.plugin] failed to open the default display.  Can't verify X Server version.

|---------------------------------------------------------------------------------------------|
| Driver Version: 580.178.04    | Graphics API: Vulkan
|=============================================================================================|
| GPU | Name                             | Active | LDA | GPU Memory | Vendor-ID | LUID       |
|     |                                  |        |     |            | Device-ID | UUID       |
|     |                                  |        |     |            | Bus-ID    |            |
|---------------------------------------------------------------------------------------------|
| 0   | NVIDIA L20                       | Yes: 0 |     | 46068   MB | 10de      | 0          |
|     |                                  |        |     |            | 26ba      | e064bda0.. |
|     |                                  |        |     |            | 2         |            |
|=============================================================================================|
| OS: 22.04.5 LTS (Jammy Jellyfish) ubuntu, Version: 22.04.5, Kernel: 6.8.0-138-generic
| Processor: AMD EPYC 9554 64-Core Processor
| Cores: 8 | Logical Cores: 8
|---------------------------------------------------------------------------------------------|
| Total Memory (MB): 64257 | Free Memory: 61041
| Total Page/Swap (MB): 2047 | Free Page/Swap: 2046
|---------------------------------------------------------------------------------------------|
cat: '/sys/devices/system/cpu/cpu*/cpufreq/scaling_governor': No such file or directory
2026-10-09T11:22:56Z [1,069ms] [Warning] [gpu.foundation.plugin] ECC is enabled on physical device 0
[1.231s] [ext: omni.kit.pipapi-0.0.0] startup
[1.233s] [ext: omni.kit.pip_archive-0.0.0] startup
[1.233s] [ext: omni.pip.compute-1.6.3] startup
[1.233s] [ext: omni.materialx.libs-1.0.7] startup
[1.241s] [ext: omni.pip.cloud-1.4.3] startup
[1.244s] [ext: omni.isaac.core_archive-3.0.0] startup
[1.244s] [ext: omni.usd.config-1.0.6] startup
[1.248s] [ext: omni.gpucompute.plugins-0.0.0] startup
[1.248s] [ext: omni.usd.libs-1.0.1] startup
[1.348s] [ext: omni.kit.telemetry-0.5.2] startup
[1.393s] [ext: omni.mdl-56.0.3] startup
[1.418s] [ext: omni.iray.libs-0.0.0] startup
[1.425s] [ext: omni.mdl.neuraylib-0.2.12] startup
[1.427s] [ext: omni.kit.usd.mdl-1.1.5] startup
2026-10-09T11:22:57Z [1,439ms] [Error] [carb.launcher.plugin] [parent]: failed to exec the new image for the child process 3524116 {ignore = 4, error = 13/Permission denied, errno = -1/Unknown error -1}
2026-10-09T11:22:57Z [1,439ms] [Error] [carb.launcher.plugin] failed to fork the child process {errno = -1/Unknown error -1, lastErrno = 13/Permission denied}
2026-10-09T11:22:57Z [1,439ms] [Error] [carb.launcher.plugin] launch descriptor for '<SIM_HOME>/isaacsim-5.1.0/extscache/omni.kit.telemetry-0.5.2+69cbf6ad.lx64.r.cp311/omni.telemetry.transmitter/omni.telemetry.transmitter' (51 arguments)
2026-10-09T11:22:57Z [1,439ms] [Error] [carb.launcher.plugin]     cmd: <SIM_HOME>/isaacsim-5.1.0/extscache/omni.kit.telemetry-0.5.2+69cbf6ad.lx64.r.cp311/omni.telemetry.transmitter/omni.telemetry.transmitter --/telemetry/enableAnonymousData=false --/telemetry/enableAnonymousAppName=true "--/telemetry/logging/warnFilter/0="*"" --/telemetry/enableNVDF=false --/telemetry/enableSentry=false --/telemetry/removePIISentry=false "--/telemetry/appRootPath=""" "--/telemetry/dsn="https://b61f14dfc36f4beabadf4d9dba8e492b@sentry.perflab.nvidia.com/834"" "--/telemetry/openEndpointUrl="https://opentelemetry.analytics.nvidiagrid.net/api/v3/topic/omniverse-team.open.omni-open-collector"" "--/telemetry/openTestEndpointUrl="https://opentelemetry.analytics.nvidiagrid.net/api/v3/topic/omniverse-team.open.omni-test-open-collector"" "--/telemetry/enterpriseOpenEndpointUrl="https://opentelemetry.analytics.nvidiagrid.net/api/v3/topic/omniverse-team.open.omni-ove-open-collector"" "--/telemetry/enterpriseOpenTestEndpointUrl="https://opentelemetry.analytics.nvidiagrid.net/api/v3/topic/omniverse-team.open.omni-ove-test-open-collector"" --/telemetry/useOpenEndpoint=false "--/log/outputStreamLevel="Warning"" "--/log/debugConsoleLevel="Warning"" "--/log/fileLogLevel="Info"" --/log/fileMaxCount=30 --/log/includeTimeStamp=true "--/log/setElapsedTimeUnits="milliseconds"" --/log/enabled=true --/log/async=false "--/log/fileFlushLevel="verbose"" --/log/flushStandardStreamOutput=false --/log/enableDebugConsoleOutput=true --/log/enableColorOutput=true --/log/processGroupId=0 --/log/includeSource=true --/log/includeChannel=true --/log/includeFilename=false --/log/includeLineNumber=false --/log/includeFunctionName=false --/log/includeThreadId=false --/log/includeProcessId=false --/log/includeTraceId=false --/log/detail=false --/log/fullDetail=false --/log/forceAnsiColor=false --/log/fileAppend=false --/log/utcTimestamp=true --/log/microsecondTimestamp=false --/log/enableStandardStreamOutput=false --/log/file=<SIM_HOME>/.nvidia-omniverse/logs/omni.telemetry.transmitter.log --/log/level=Info --/log/file=<SIM_HOME>/isaacsim-5.1.0/kit/logs/omni.telemetry.transmitter.log --/log/level=Warning --/privacy/personalization=false --/privacy/performance=false --/privacy/usage=false --/privacy/userId= --/telemetry/transmitter/0/eventProtocol=default
2026-10-09T11:22:57Z [1,439ms] [Error] [carb.launcher.plugin]     flags = NoInheritEnv, AllowBadEnv, NoStdOut, NoStdErr (0x000005b0)
2026-10-09T11:22:57Z [1,439ms] [Error] [carb.launcher.plugin]     env:
2026-10-09T11:22:57Z [1,440ms] [Error] [carb.launcher.plugin]       0) 'PXR_MTLX_STDLIB_SEARCH_PATHS=<SIM_HOME>/isaacsim-5.1.0/extscache/omni.materialx.libs-1.0.7+69cbf6ad.lx64.r.cp311/MaterialX/libraries'
2026-10-09T11:22:57Z [1,440ms] [Error] [carb.launcher.plugin]       1) 'OMNI_USD_RESOLVER_MDL_BUILTIN_BYPASS=1'
2026-10-09T11:22:57Z [1,440ms] [Error] [carb.launcher.plugin]       2) 'PCP_DISABLE_TIME_SCALING_BY_LAYER_TCPS=0'
2026-10-09T11:22:57Z [1,440ms] [Error] [carb.launcher.plugin]       3) 'HD_CHANGETRACKER_USE_CONTIGUOUS_VALUES_MAP=1'
2026-10-09T11:22:57Z [1,440ms] [Error] [carb.launcher.plugin]       4) 'USDIMAGING_GPRIMADAPTER_PRIMVAR_INVALIDATION=0'
2026-10-09T11:22:57Z [1,440ms] [Error] [carb.launcher.plugin]       5) 'USDSHADE_OLD_MDL_SCHEMA_SUPPORT=1'
2026-10-09T11:22:57Z [1,440ms] [Error] [carb.launcher.plugin]       6) 'USDGEOM_XFORMCOMMONAPI_ALLOW_DOUBLES=1'
2026-10-09T11:22:57Z [1,440ms] [Error] [carb.launcher.plugin]       7) 'HDST_USE_TRANSLUCENT_MATERIAL_TAG=1'
2026-10-09T11:22:57Z [1,440ms] [Error] [carb.launcher.plugin]       8) 'TF_ENV_SETTING_ALERTS_ENABLED=0'
2026-10-09T11:22:57Z [1,440ms] [Error] [carb.launcher.plugin]       9) '__GL_0x542675=0x4c0'
2026-10-09T11:22:57Z [1,440ms] [Error] [carb.launcher.plugin]       10) '__GL_0xab9b86=0x76165656'
2026-10-09T11:22:57Z [1,440ms] [Error] [carb.launcher.plugin]       11) '__GL_0xab9b87=0x76165656'
2026-10-09T11:22:57Z [1,440ms] [Error] [carb.launcher.plugin]       12) '__GL_0x410e48=0x00000001'
2026-10-09T11:22:57Z [1,440ms] [Error] [carb.launcher.plugin]       13) '__GL_0x50a159=0x00000000'
2026-10-09T11:22:57Z [1,440ms] [Error] [carb.launcher.plugin]       14) 'NODEVICE_SELECT=1'
2026-10-09T11:22:57Z [1,440ms] [Error] [carb.launcher.plugin]       15) 'VULKAN_HEADERS_INSTALL_DIR='
2026-10-09T11:22:57Z [1,440ms] [Error] [carb.launcher.plugin]       16) 'VULKAN_SDK='
2026-10-09T11:22:57Z [1,440ms] [Error] [carb.launcher.plugin]       17) 'VK_SDK_PATH='
2026-10-09T11:22:57Z [1,440ms] [Error] [carb.launcher.plugin]       18) 'VK_LAYER_PATH='
2026-10-09T11:22:57Z [1,440ms] [Error] [carb.launcher.plugin]       19) 'PXR_WORK_THREAD_LIMIT=8'
2026-10-09T11:22:57Z [1,440ms] [Error] [carb.launcher.plugin]       20) '_=/Embodied_AI/miniconda3/envs/internutopia311/bin/python'
2026-10-09T11:22:57Z [1,440ms] [Error] [carb.launcher.plugin]       21) 'LC_NUMERIC=zh_CN.UTF-8'
2026-10-09T11:22:57Z [1,440ms] [Error] [carb.launcher.plugin]       22) 'DBUS_SESSION_BUS_ADDRESS=unix:path=/run/user/1000/bus'
2026-10-09T11:22:57Z [1,440ms] [Error] [carb.launcher.plugin]       23) 'PATH=/Embodied_AI/miniconda3/envs/internutopia311/bin:/Embodied_AI/miniconda3/bin:/Embodied_AI/miniconda3/envs/internutopia311/bin:/Embodied_AI/miniconda3/condabin:/usr/local/sbin:/usr/local/bin:/usr/sbin:/usr/bin:/sbin:/bin:/usr/games:/usr/local/games:/snap/bin'
2026-10-09T11:22:57Z [1,440ms] [Error] [carb.launcher.plugin]       24) 'ISAAC_PATH=<SIM_HOME>/isaacsim-5.1.0'
2026-10-09T11:22:57Z [1,440ms] [Error] [carb.launcher.plugin]       25) 'LD_LIBRARY_PATH_OLD='
2026-10-09T11:22:57Z [1,440ms] [Error] [carb.launcher.plugin]       26) '__GL_0x546312=0x00000001'
2026-10-09T11:22:57Z [1,440ms] [Error] [carb.launcher.plugin]       27) 'OMP_NUM_THREADS=4'
2026-10-09T11:22:57Z [1,440ms] [Error] [carb.launcher.plugin]       28) 'BEAM_SUPPORT_CONTACT_TRACE=1'
2026-10-09T11:22:57Z [1,440ms] [Error] [carb.launcher.plugin]       29) '__GL_0x410ea7=0x00000000'
2026-10-09T11:22:57Z [1,440ms] [Error] [carb.launcher.plugin]       30) 'LD_LIBRARY_PATH=<SIM_HOME>/isaacsim-5.1.0/exts/omni.pip.compute/pip_prebundle/cv2/../../lib64::<SIM_HOME>/isaacsim-5.1.0/.:<SIM_HOME>/isaacsim-5.1.0/exts/isaacsim.robot.schema/plugins/lib:<SIM_HOME>/isaacsim-5.1.0/exts/isaacsim.robot_motion.lula/pip_prebundle:<SIM_HOME>/isaacsim-5.1.0/exts/isaacsim.asset.exporter.urdf/pip_prebundle:<SIM_HOME>/isaacsim-5.1.0/kit:<SIM_HOME>/isaacsim-5.1.0/kit/kernel/plugins:<SIM_HOME>/isaacsim-5.1.0/kit/libs/iray:<SIM_HOME>/isaacsim-5.1.0/kit/plugins:<SIM_HOME>/isaacsim-5.1.0/kit/plugins/bindings-python:<SIM_HOME>/isaacsim-5.1.0/kit/plugins/carb_gfx:<SIM_HOME>/isaacsim-5.1.0/kit/plugins/rtx:<SIM_HOME>/isaacsim-5.1.0/kit/plugins/gpu.foundation'
2026-10-09T11:22:57Z [1,440ms] [Error] [carb.launcher.plugin]       31) 'ISAAC_SIM_ROOT=<SIM_HOME>/isaacsim-5.1.0'
2026-10-09T11:22:57Z [1,440ms] [Error] [carb.launcher.plugin]       32) 'EXP_PATH=<SIM_HOME>/isaacsim-5.1.0/apps'
2026-10-09T11:22:57Z [1,440ms] [Error] [carb.launcher.plugin]       33) 'CONDA_PREFIX=/Embodied_AI/miniconda3/envs/internutopia311'
2026-10-09T11:22:57Z [1,440ms] [Error] [carb.launcher.plugin]       34) 'LC_ALL=C.UTF-8'
2026-10-09T11:22:57Z [1,440ms] [Error] [carb.launcher.plugin]       35) 'LC_CTYPE=C.UTF-8'
2026-10-09T11:22:57Z [1,440ms] [Error] [carb.launcher.plugin]       36) 'XDG_SESSION_TYPE=tty'
2026-10-09T11:22:57Z [1,440ms] [Error] [carb.launcher.plugin]       37) 'HD_ENABLE_SCENE_INDEX_EMULATION=0'
2026-10-09T11:22:57Z [1,440ms] [Error] [carb.launcher.plugin]       38) 'OLDPWD=<PROJECT_ROOT>'
2026-10-09T11:22:57Z [1,440ms] [Error] [carb.launcher.plugin]       39) 'OPENBLAS_NUM_THREADS=8'
2026-10-09T11:22:57Z [1,440ms] [Error] [carb.launcher.plugin]       40) 'OMNI_USD_RESOLVER_MDL_BUILTIN_PATHS=OmniPBR.mdl,OmniVolumeDensity.mdl,nvidia/core_definitions.mdl,OmniUe4FunctionExtension17.mdl,materialx/stdlib_1_9.mdl,alg/materials/designer/legacy/physically_metallic_roughness_coated.mdl,debug.mdl,OmniSurfacePresets.mdl,OmniSurface.mdl,materialx/stdlib_1_7.mdl,alg/base/normalmapping.mdl,MdlStates.mdl,OmniVolumeNoise.mdl,nvidia/iray/hosek_wilkie_sky.mdl,iray/architectural.mdl,tex.mdl,adobe/volume.mdl,alg/materials/lambert.mdl,OmniPBR_ClearCoat_Opacity.mdl,alg/materials/blinn.mdl,UsdPreviewSurfaceMonolithic.mdl,ad_3dsmax_maps.mdl,OmniSurface/OmniSurfaceLiteBase.mdl,nvidia/iray/hosek_wilkie_sky_data.mdl,nvidia/digital_human_tech/color_correct.mdl,OmniPBRBase.mdl,alg/materials/designer/blinn.mdl,alg/materials/designer/lights.mdl,limits.mdl,adobe/annotations.mdl,state.mdl,materialx/stdlib_1_10.mdl,UsdPreviewSurfaceLib.mdl,base.mdl,usd_dome.mdl,anno.mdl,materialx/hsv.mdl,Default.mdl,OmniUe4Base.mdl,gltf/pbr.mdl,alg/materials/designer/legacy/physically_metallic_roughness.mdl,materialx/pbrlib_1_10.mdl,nvidia/digital_human_tech/random_value.mdl,alg/materials/designer/lambert.mdl,UsdPreviewSurface.mdl,SimPBR_Model.mdl,adobe/materials.mdl,alg/materials/designer/skin.mdl,std.mdl,DebugWhiteEmissive.mdl,OmniSurface/OmniShared.mdl,alg/materials/designer/legacy/physically_specular_glossiness.mdl,omni_light.mdl,OmniGlass_Opacity.mdl,alg/materials/lights.mdl,OmniUe4Function.mdl,adobe/util.mdl,baking_annotations.mdl,environment.mdl,materialx/pbrlib_1_9.mdl,nvidia/axf_importer/axf_importer.mdl,alg/materials/physically_specular_glossiness.mdl,OmniSurface/OmniImage.mdl,alg/materials/designer.mdl,materialx/core.mdl,alg/materials/physically_metallic_roughness.mdl,OmniPBR_Opacity.mdl,vray_materials.mdl,SimPBR_Translucent.mdl,DebugWhite.mdl,OmniSurface/OmniSurfaceBlendBase.mdl,alg/materials/designer/pbr.mdl,iray/environment.mdl,alg/base/core.mdl,vray_maps.mdl,adobe/anisotropy.mdl,materialx/pbrlib_1_8.mdl,materialx/pbrlib_1_6.mdl,alg/materials/designer/legacy/physically_metallic_roughness_sss.mdl,materialx/sampling.mdl,materialx/swizzle.mdl,materialx/pbrlib.mdl,materialx/pbrlib_1_7.mdl,nvidia/support_definitions.mdl,df.mdl,materialx/noise.mdl,OmniUe4Subsurface.mdl,ad_3dsmax_materials.mdl,adobe/mtl.mdl,OmniSurface/OmniSurfaceBase.mdl,iray/omni_light.mdl,OmniUe4Translucent.mdl,OmniSurfaceLite.mdl,materialx/stdlib_1_8.mdl,nvidia/aux_definitions.mdl,OmniSurface/OmniHairBase.mdl,WhiteShadowCatcher.mdl,alg/materials/asm/standard_scatter.mdl,math.mdl,alg/base/annotations.mdl,adobe/convert.mdl,OmniHair.mdl,OmniEmissive.mdl,materialx/stdlib_1_6.mdl,UsdPreviewSurfaceMonolithicLite.mdl,iray/usd_dome.mdl,OmniSurfaceBlend.mdl,mdl-builtin.mdl,OmniPBR_ClearCoat.mdl,architectural.mdl,SimPBR.mdl,OmniGlass.mdl,materialx/stdlib.mdl,scene.mdl,OmniHairPresets.mdl'
2026-10-09T11:22:57Z [1,440ms] [Error] [carb.launcher.plugin]       41) 'MKL_NUM_THREADS=4'
2026-10-09T11:22:57Z [1,440ms] [Error] [carb.launcher.plugin]       42) 'MOTD_SHOWN=pam'
2026-10-09T11:22:57Z [1,440ms] [Error] [carb.launcher.plugin]       43) 'DUAL_FRANKA_ATTACH_DEBUG_PATH=<PROJECT_ROOT>/outputs/fabrica_beam_support_v166_arm_midpoint/attach_debug.jsonl'
2026-10-09T11:22:57Z [1,440ms] [Error] [carb.launcher.plugin]       44) 'GIT_PYTHON_GIT_EXECUTABLE=/Embodied_AI/miniconda3/bin/git'
2026-10-09T11:22:57Z [1,440ms] [Error] [carb.launcher.plugin]       45) 'USER=user'
2026-10-09T11:22:57Z [1,440ms] [Error] [carb.launcher.plugin]       46) 'SHELL=/bin/bash'
2026-10-09T11:22:57Z [1,440ms] [Error] [carb.launcher.plugin]       47) 'LC_MEASUREMENT=zh_CN.UTF-8'
2026-10-09T11:22:57Z [1,440ms] [Error] [carb.launcher.plugin]       48) 'LC_ADDRESS=zh_CN.UTF-8'
2026-10-09T11:22:57Z [1,440ms] [Error] [carb.launcher.plugin]       49) 'BEAM_CLOSE_GATE_TRACE_PATH=<PROJECT_ROOT>/outputs/fabrica_beam_support_v166_arm_midpoint/close_gate_trace.jsonl'
2026-10-09T11:22:57Z [1,440ms] [Error] [carb.launcher.plugin]       50) 'BEAM_CONTACT_TRACE_PATH=<PROJECT_ROOT>/outputs/fabrica_beam_support_v166_arm_midpoint/contact_trace.jsonl'
2026-10-09T11:22:57Z [1,440ms] [Error] [carb.launcher.plugin]       51) 'CONDA_EXE=/Embodied_AI/miniconda3/bin/conda'
2026-10-09T11:22:57Z [1,440ms] [Error] [carb.launcher.plugin]       52) 'PAPERSIZE=a4'
2026-10-09T11:22:57Z [1,440ms] [Error] [carb.launcher.plugin]       53) 'LC_MONETARY=zh_CN.UTF-8'
2026-10-09T11:22:57Z [1,440ms] [Error] [carb.launcher.plugin]       54) '_CE_M='
2026-10-09T11:22:57Z [1,440ms] [Error] [carb.launcher.plugin]       55) 'OMNI_KIT_ACCEPT_EULA=YES'
2026-10-09T11:22:57Z [1,440ms] [Error] [carb.launcher.plugin]       56) 'PWD=<PROJECT_ROOT>'
2026-10-09T11:22:57Z [1,440ms] [Error] [carb.launcher.plugin]       57) 'USD_SHADE_WARN_ON_MISSING_MATERIAL_BINDING_API=0'
2026-10-09T11:22:57Z [1,440ms] [Error] [carb.launcher.plugin]       58) 'GL_NV_RENDER_GPU_LUID=0x00000000 0x00000000'
2026-10-09T11:22:57Z [1,440ms] [Error] [carb.launcher.plugin]       59) 'LANG=zh_CN.UTF-8'
2026-10-09T11:22:57Z [1,440ms] [Error] [carb.launcher.plugin]       60) 'BEAM_PHYSICS_DIAGNOSTICS_END_STEP=12480'
2026-10-09T11:22:57Z [1,440ms] [Error] [carb.launcher.plugin]       61) 'LC_TIME=zh_CN.UTF-8'
2026-10-09T11:22:57Z [1,440ms] [Error] [carb.launcher.plugin]       62) 'PYTHONNOUSERSITE=1'
2026-10-09T11:22:57Z [1,440ms] [Error] [carb.launcher.plugin]       63) 'XDG_SESSION_CLASS=user'
2026-10-09T11:22:57Z [1,440ms] [Error] [carb.launcher.plugin]       64) 'USDIMAGING_ENABLE_SPARSE_LIGHT_UPDATES=1'
2026-10-09T11:22:57Z [1,440ms] [Error] [carb.launcher.plugin]       65) 'PYTHONPATH=:<SIM_HOME>/isaacsim-5.1.0/python_packages:<SIM_HOME>/isaacsim-5.1.0/exts/isaacsim.simulation_app:<SIM_HOME>/isaacsim-5.1.0/extsDeprecated/omni.isaac.kit:<SIM_HOME>/isaacsim-5.1.0/kit/kernel/py:<SIM_HOME>/isaacsim-5.1.0/kit/plugins/bindings-python:<SIM_HOME>/isaacsim-5.1.0/exts/isaacsim.robot_motion.lula/pip_prebundle:<SIM_HOME>/isaacsim-5.1.0/exts/isaacsim.asset.exporter.urdf/pip_prebundle:<SIM_HOME>/isaacsim-5.1.0/extscache/omni.kit.pip_archive-0.0.0+69cbf6ad.lx64.cp311/pip_prebundle:<SIM_HOME>/isaacsim-5.1.0/exts/omni.isaac.core_archive/pip_prebundle:<SIM_HOME>/isaacsim-5.1.0/exts/omni.isaac.ml_archive/pip_prebundle:<SIM_HOME>/isaacsim-5.1.0/exts/omni.pip.compute/pip_prebundle:<SIM_HOME>/isaacsim-5.1.0/exts/omni.pip.cloud/pip_prebundle'
2026-10-09T11:22:57Z [1,440ms] [Error] [carb.launcher.plugin]       66) 'SSH_CONNECTION=172.22.146.122 47620 <SIM_HOST> 22'
2026-10-09T11:22:57Z [1,440ms] [Error] [carb.launcher.plugin]       67) '_CE_CONDA='
2026-10-09T11:22:57Z [1,440ms] [Error] [carb.launcher.plugin]       68) 'HOME=<SIM_HOME>'
2026-10-09T11:22:57Z [1,440ms] [Error] [carb.launcher.plugin]       69) 'LOGNAME=user'
2026-10-09T11:22:57Z [1,440ms] [Error] [carb.launcher.plugin]       70) 'USDIMAGING_ENABLE_NESTED_GPRIMS=1'
2026-10-09T11:22:57Z [1,440ms] [Error] [carb.launcher.plugin]       71) 'LANGUAGE=zh_CN:en'
2026-10-09T11:22:57Z [1,440ms] [Error] [carb.launcher.plugin]       72) 'USDSTAGE_DISABLE_INTERP_NOTICE=1'
2026-10-09T11:22:57Z [1,440ms] [Error] [carb.launcher.plugin]       73) 'PYTHONUNBUFFERED=1'
2026-10-09T11:22:57Z [1,440ms] [Error] [carb.launcher.plugin]       74) '__GL_0x410ea8=0x00000000'
2026-10-09T11:22:57Z [1,440ms] [Error] [carb.launcher.plugin]       75) '__GL_0x410ea6=0x00000000'
2026-10-09T11:22:57Z [1,440ms] [Error] [carb.launcher.plugin]       76) 'LC_NAME=zh_CN.UTF-8'
2026-10-09T11:22:57Z [1,440ms] [Error] [carb.launcher.plugin]       77) 'BEAM_PHYSICS_DIAGNOSTICS=1'
2026-10-09T11:22:57Z [1,440ms] [Error] [carb.launcher.plugin]       78) '__NV_SIGNED_LOAD_CHECK=none'
2026-10-09T11:22:57Z [1,440ms] [Error] [carb.launcher.plugin]       79) 'CONDA_PROMPT_MODIFIER=(internutopia311) '
2026-10-09T11:22:57Z [1,440ms] [Error] [carb.launcher.plugin]       80) 'BEAM_PHYSICS_DIAGNOSTICS_START_STEP=0'
2026-10-09T11:22:57Z [1,440ms] [Error] [carb.launcher.plugin]       81) 'BEAM_CLOSE_CONTROL_TRACE_PATH=<PROJECT_ROOT>/outputs/fabrica_beam_support_v166_arm_midpoint/close_control_trace.jsonl'
2026-10-09T11:22:57Z [1,440ms] [Error] [carb.launcher.plugin]       82) 'SHLVL=1'
2026-10-09T11:22:57Z [1,440ms] [Error] [carb.launcher.plugin]       83) 'BEAM_IDLE_HOLD_TRACE_PATH=<PROJECT_ROOT>/outputs/fabrica_beam_support_v166_arm_midpoint/idle_hold_trace.jsonl'
2026-10-09T11:22:57Z [1,440ms] [Error] [carb.launcher.plugin]       84) 'BEAM_PHYSICS_DIAGNOSTICS_PHASES=base_6_grip_contact_prime,base_6_close_and_attach,base_6_set_down'
2026-10-09T11:22:57Z [1,440ms] [Error] [carb.launcher.plugin]       85) 'BEAM_MOTION_TRACE_PATH=<PROJECT_ROOT>/outputs/fabrica_beam_support_v166_arm_midpoint/motion_trace.jsonl'
2026-10-09T11:22:57Z [1,440ms] [Error] [carb.launcher.plugin]       86) 'LC_IDENTIFICATION=zh_CN.UTF-8'
2026-10-09T11:22:57Z [1,440ms] [Error] [carb.launcher.plugin]       87) '_CONDA_EXE=/Embodied_AI/miniconda3/bin/conda'
2026-10-09T11:22:57Z [1,440ms] [Error] [carb.launcher.plugin]       88) '_CONDA_ROOT=/Embodied_AI/miniconda3'
2026-10-09T11:22:57Z [1,440ms] [Error] [carb.launcher.plugin]       89) 'HD_ENABLE_MULTITHREADED_NON_MATERIAL_SPRIM_SYNC=1'
2026-10-09T11:22:57Z [1,440ms] [Error] [carb.launcher.plugin]       90) 'BEAM_PHYSICS_DIAGNOSTICS_PATH=<PROJECT_ROOT>/outputs/fabrica_beam_support_v166_arm_midpoint/physics_boundary_trace.jsonl'
2026-10-09T11:22:57Z [1,440ms] [Error] [carb.launcher.plugin]       91) 'BEAM_HOLD_TRACE_PATH=<PROJECT_ROOT>/outputs/fabrica_beam_support_v166_arm_midpoint/hold_trace.jsonl'
2026-10-09T11:22:57Z [1,440ms] [Error] [carb.launcher.plugin]       92) 'CONDA_SHLVL=1'
2026-10-09T11:22:57Z [1,440ms] [Error] [carb.launcher.plugin]       93) '__GL_SHADER_DISK_CACHE_SIZE=4194304000'
2026-10-09T11:22:57Z [1,440ms] [Error] [carb.launcher.plugin]       94) 'BEAM_PHYSICS_SOLVER_TYPE=TGS'
2026-10-09T11:22:57Z [1,440ms] [Error] [carb.launcher.plugin]       95) 'CONDA_DEFAULT_ENV=internutopia311'
2026-10-09T11:22:57Z [1,440ms] [Error] [carb.launcher.plugin]       96) 'PYTHONPATH_OLD='
2026-10-09T11:22:57Z [1,440ms] [Error] [carb.launcher.plugin]       97) 'XDG_SESSION_ID=14479'
2026-10-09T11:22:57Z [1,440ms] [Error] [carb.launcher.plugin]       98) 'LC_PAPER=zh_CN.UTF-8'
2026-10-09T11:22:57Z [1,440ms] [Error] [carb.launcher.plugin]       99) 'VK_ICD_FILENAMES=/usr/share/vulkan/icd.d/nvidia_icd.json'
2026-10-09T11:22:57Z [1,440ms] [Error] [carb.launcher.plugin]       100) 'LC_TELEPHONE=zh_CN.UTF-8'
2026-10-09T11:22:57Z [1,440ms] [Error] [carb.launcher.plugin]       101) 'CONDA_PYTHON_EXE=/Embodied_AI/miniconda3/bin/python'
2026-10-09T11:22:57Z [1,440ms] [Error] [carb.launcher.plugin]       102) 'SSH_CLIENT=172.22.146.122 47620 22'
2026-10-09T11:22:57Z [1,440ms] [Error] [carb.launcher.plugin]       103) '__GL_SHADER_DISK_CACHE_PATH=<SIM_HOME>/isaacsim-5.1.0/kit/cache/nv_shadercache'
2026-10-09T11:22:57Z [1,440ms] [Error] [carb.launcher.plugin]       104) 'VK_INSTANCE_LAYERS='
2026-10-09T11:22:57Z [1,440ms] [Error] [carb.launcher.plugin]       105) 'XDG_RUNTIME_DIR=/run/user/1000'
2026-10-09T11:22:57Z [1,440ms] [Warning] [carb.launcher.plugin] failed to launch the new process.
[1.525s] [ext: omni.isaac.ml_archive-3.0.4] startup
[1.526s] [ext: omni.kit.loop-isaac-1.3.7] startup
[1.527s] [ext: omni.kit.test-2.0.1] startup
[1.560s] [ext: omni.appwindow-1.1.10] startup
2026-10-09T11:22:57Z [1,549ms] [Warning] [carb.windowing-glfw.plugin] GLFW initialization failed.
2026-10-09T11:22:57Z [1,549ms] [Warning] [carb] Failed to startup plugin carb.windowing-glfw.plugin (interfaces: [carb::windowing::IGLContext v1.0],[carb::windowing::IWindowing v1.5]) (impl: carb.windowing-glfw.plugin)
[1.563s] [ext: omni.kit.renderer.core-1.1.0] startup
2026-10-09T11:22:57Z [1,565ms] [Warning] [carb.windowing-glfw.plugin] GLFW initialization failed.
2026-10-09T11:22:57Z [1,565ms] [Warning] [carb] Failed to startup plugin carb.windowing-glfw.plugin (interfaces: [carb::windowing::IGLContext v1.0],[carb::windowing::IWindowing v1.5]) (impl: carb.windowing-glfw.plugin)
2026-10-09T11:22:57Z [1,572ms] [Warning] [carb.windowing-glfw.plugin] GLFW initialization failed.
2026-10-09T11:22:57Z [1,572ms] [Warning] [carb] Failed to startup plugin carb.windowing-glfw.plugin (interfaces: [carb::windowing::IGLContext v1.0],[carb::windowing::IWindowing v1.5]) (impl: carb.windowing-glfw.plugin)
[1.586s] [ext: omni.kit.renderer.capture-0.0.0] startup
[1.589s] [ext: omni.kit.renderer.imgui-2.0.5] startup
2026-10-09T11:22:57Z [1,581ms] [Warning] [carb.windowing-glfw.plugin] GLFW initialization failed.
2026-10-09T11:22:57Z [1,581ms] [Warning] [carb] Failed to startup plugin carb.windowing-glfw.plugin (interfaces: [carb::windowing::IGLContext v1.0],[carb::windowing::IWindowing v1.5]) (impl: carb.windowing-glfw.plugin)
2026-10-09T11:22:57Z [1,583ms] [Warning] [carb.windowing-glfw.plugin] GLFW initialization failed.
2026-10-09T11:22:57Z [1,583ms] [Warning] [carb] Failed to startup plugin carb.windowing-glfw.plugin (interfaces: [carb::windowing::IGLContext v1.0],[carb::windowing::IWindowing v1.5]) (impl: carb.windowing-glfw.plugin)
2026-10-09T11:22:57Z [1,584ms] [Warning] [carb.windowing-glfw.plugin] GLFW initialization failed.
2026-10-09T11:22:57Z [1,584ms] [Warning] [carb] Failed to startup plugin carb.windowing-glfw.plugin (interfaces: [carb::windowing::IGLContext v1.0],[carb::windowing::IWindowing v1.5]) (impl: carb.windowing-glfw.plugin)
[1.663s] [ext: omni.ui-2.27.1] startup
[1.673s] [ext: omni.kit.mainwindow-1.0.3] startup
[1.674s] [ext: carb.audio-0.1.0] startup
[1.680s] [ext: omni.uiaudio-1.0.0] startup
[1.681s] [ext: omni.kit.uiapp-0.0.0] startup
[1.681s] [ext: omni.usd.schema.metrics.assembler-107.3.1] startup
[1.684s] [ext: omni.usd.schema.audio-0.0.0] startup
[1.687s] [ext: omni.anim.graph.schema-107.3.3] startup
[1.697s] [ext: omni.usd_resolver-1.0.0] startup
[1.700s] [ext: omni.usd.core-1.5.3] startup
[1.703s] [ext: omni.usd.schema.render_settings.rtx-0.0.0] startup
[1.720s] [ext: omni.usd.schema.semantics-0.0.0] startup
[1.722s] [ext: isaacsim.robot.schema-3.6.0] startup
[1.729s] [ext: omni.usd.schema.geospatial-0.0.0] startup
[1.732s] [ext: omni.usd.schema.anim-0.0.0] startup
[1.747s] [ext: omni.kit.window.popup_dialog-2.0.24] startup
[1.751s] [ext: usdrt.scenegraph-7.6.1] startup
[1.785s] [ext: omni.timeline-1.0.14] startup
[1.787s] [ext: omni.resourcemonitor-107.0.1] startup
[1.789s] [ext: omni.activity.core-1.0.3] startup
[1.791s] [ext: omni.kit.widget.nucleus_connector-2.0.1] startup
[1.792s] [ext: omni.hydra.usdrt_delegate-7.5.1] startup
[1.799s] [ext: omni.kit.actions.core-1.0.0] startup
[1.802s] [ext: omni.graph.exec-0.9.6] startup
[1.802s] [ext: omni.kit.commands-1.4.10] startup
[1.805s] [ext: omni.kit.usd_undo-0.1.8] startup
[1.806s] [ext: omni.kit.exec.core-0.13.4] startup
[1.807s] [ext: omni.kit.audiodeviceenum-1.0.2] startup
[1.808s] [ext: omni.hydra.scene_delegate-0.3.4] startup
[1.813s] [ext: omni.usd-1.13.10] startup
[1.840s] [ext: omni.kit.asset_converter-5.0.17] startup
[1.853s] [ext: omni.usd.schema.flow-107.1.1] startup
[1.853s] [ext: omni.usd.schema.omnigraph-1.0.0] startup
[1.859s] [ext: omni.usd.schema.omni_sensors-0.0.0] startup
[1.859s] [ext: omni.anim.navigation.schema-107.3.3] startup
[1.863s] [ext: omni.inspect-1.0.2] startup
[1.864s] [ext: omni.kit.notification_manager-1.0.10] startup
[1.865s] [ext: omni.graph.core-2.184.5] startup
[1.868s] [ext: isaacsim.core.deprecation_manager-0.2.7] startup
[1.869s] [ext: omni.usd.schema.physx-107.3.26] startup
[1.903s] [ext: omni.usd.schema.isaac-3.0.5] startup
[1.903s] [ext: omni.usd.schema.omniscripting-1.0.0] startup
[1.907s] [ext: omni.usd.schema.omni_lens_distortion-0.0.0] startup
[1.907s] [ext: omni.kvdb-107.3.26] startup
[1.909s] [ext: omni.usdphysics-107.3.26] startup
[1.911s] [ext: omni.physx.foundation-107.3.26] startup
[1.912s] [ext: omni.localcache-107.3.26] startup
[1.914s] [ext: omni.convexdecomposition-107.3.26] startup
[1.916s] [ext: omni.physx.cooking-107.3.26] startup
[1.919s] [ext: omni.physx-107.3.26] startup
[1.929s] [ext: omni.physics-107.3.26] startup
[1.932s] [ext: omni.kit.usd.layers-2.2.11] startup
[1.939s] [ext: omni.physics.physx-107.3.26] startup
2026-10-09T11:22:57Z [1,928ms] [Warning] [carb] Acquiring non optional plugin interface which is not listed as dependency: [omni::physx::IPhysxBenchmarks v1.0] (plugin: <default plugin>), by client: omni.physics.physx.plugin. Add it to CARB_PLUGIN_IMPL_DEPS() macro of a client.
[1.941s] [ext: omni.physics.stageupdate-107.3.26] startup
[1.943s] [ext: omni.kit.numpy.common-0.1.3] startup
[1.944s] [ext: isaacsim.core.version-2.0.6] startup
[1.944s] [ext: omni.isaac.dynamic_control-2.0.7] startup
2026-10-09T11:22:57Z [1,937ms] [Warning] [omni.isaac.dynamic_control] omni.isaac.dynamic_control is deprecated as of Isaac Sim 4.5. No action is needed from end-users.
[1.950s] [ext: isaacsim.storage.native-1.5.1] startup
[1.951s] [ext: omni.kit.menu.core-1.1.2] startup
[1.952s] [ext: omni.kit.helper.file_utils-0.1.9] startup
[1.953s] [ext: omni.usd.metrics.assembler-107.3.1] startup
[1.958s] [ext: omni.kit.widget.context_menu-1.2.5] startup
[1.959s] [ext: omni.warp.core-1.8.2] startup
[2.124s] [ext: omni.usd.metrics.assembler.physics-107.3.26] startup
[2.126s] [ext: omni.physics.tensors-107.3.26] startup
[2.131s] [ext: omni.kit.context_menu-1.8.6] startup
[2.133s] [ext: omni.kit.clipboard-1.0.5] startup
[2.134s] [ext: isaacsim.core.utils-3.5.1] startup
[2.137s] [ext: omni.kit.widget.filebrowser-2.12.3] startup
[2.140s] [ext: omni.kit.widget.options_menu-1.1.6] startup
[2.143s] [ext: omni.kit.widget.path_field-2.0.11] startup
[2.143s] [ext: omni.index.libs-380600.8087.0] startup
[2.143s] [ext: omni.ui.scene-1.11.5] startup
[2.148s] [ext: omni.kit.widget.options_button-1.0.3] startup
[2.148s] [ext: omni.kit.widget.browser_bar-2.0.10] startup
[2.149s] [ext: omni.index-1.0.1] startup
[2.149s] [ext: omni.hydra.rtx.shadercache.vulkan-1.0.0] startup
[2.150s] [ext: omni.kit.window.filepicker-2.13.4] startup
[2.163s] [ext: omni.volume-0.5.2] startup
[2.166s] [ext: omni.ujitso.client-0.0.0] startup
[2.166s] [ext: omni.graph.tools-1.79.2] startup
[2026-10-09 19:22:58,075][DEBUG] <SIM_HOME>/isaacsim-5.1.0/extscache/omni.graph.tools-1.79.2+69cbf6ad/omni/graph/tools/_impl/autonode_generator/ogn_types.py[line:52] -: Defining data type 'any' as 'Any'
[2026-10-09 19:22:58,076][DEBUG] <SIM_HOME>/isaacsim-5.1.0/extscache/omni.graph.tools-1.79.2+69cbf6ad/omni/graph/tools/_impl/autonode_generator/ogn_types.py[line:52] -: Defining data type 'bool' as 'Bool' and array 'BoolArray
[2026-10-09 19:22:58,076][DEBUG] <SIM_HOME>/isaacsim-5.1.0/extscache/omni.graph.tools-1.79.2+69cbf6ad/omni/graph/tools/_impl/autonode_generator/ogn_types.py[line:52] -: Defining data type 'bundle' as 'Bundle'
[2026-10-09 19:22:58,076][DEBUG] <SIM_HOME>/isaacsim-5.1.0/extscache/omni.graph.tools-1.79.2+69cbf6ad/omni/graph/tools/_impl/autonode_generator/ogn_types.py[line:52] -: Defining data type 'colord[3]' as 'Color3d' and array 'Color3dArray
[2026-10-09 19:22:58,076][DEBUG] <SIM_HOME>/isaacsim-5.1.0/extscache/omni.graph.tools-1.79.2+69cbf6ad/omni/graph/tools/_impl/autonode_generator/ogn_types.py[line:52] -: Defining data type 'colorf[3]' as 'Color3f' and array 'Color3fArray
[2026-10-09 19:22:58,076][DEBUG] <SIM_HOME>/isaacsim-5.1.0/extscache/omni.graph.tools-1.79.2+69cbf6ad/omni/graph/tools/_impl/autonode_generator/ogn_types.py[line:52] -: Defining data type 'colorh[3]' as 'Color3h' and array 'Color3hArray
[2026-10-09 19:22:58,076][DEBUG] <SIM_HOME>/isaacsim-5.1.0/extscache/omni.graph.tools-1.79.2+69cbf6ad/omni/graph/tools/_impl/autonode_generator/ogn_types.py[line:52] -: Defining data type 'colord[4]' as 'Color4d' and array 'Color4dArray
[2026-10-09 19:22:58,076][DEBUG] <SIM_HOME>/isaacsim-5.1.0/extscache/omni.graph.tools-1.79.2+69cbf6ad/omni/graph/tools/_impl/autonode_generator/ogn_types.py[line:52] -: Defining data type 'colorf[4]' as 'Color4f' and array 'Color4fArray
[2026-10-09 19:22:58,076][DEBUG] <SIM_HOME>/isaacsim-5.1.0/extscache/omni.graph.tools-1.79.2+69cbf6ad/omni/graph/tools/_impl/autonode_generator/ogn_types.py[line:52] -: Defining data type 'colorh[4]' as 'Color4h' and array 'Color4hArray
[2026-10-09 19:22:58,076][DEBUG] <SIM_HOME>/isaacsim-5.1.0/extscache/omni.graph.tools-1.79.2+69cbf6ad/omni/graph/tools/_impl/autonode_generator/ogn_types.py[line:52] -: Defining data type 'double' as 'Double' and array 'DoubleArray
[2026-10-09 19:22:58,076][DEBUG] <SIM_HOME>/isaacsim-5.1.0/extscache/omni.graph.tools-1.79.2+69cbf6ad/omni/graph/tools/_impl/autonode_generator/ogn_types.py[line:52] -: Defining data type 'double[2]' as 'Double2' and array 'Double2Array
[2026-10-09 19:22:58,076][DEBUG] <SIM_HOME>/isaacsim-5.1.0/extscache/omni.graph.tools-1.79.2+69cbf6ad/omni/graph/tools/_impl/autonode_generator/ogn_types.py[line:52] -: Defining data type 'double[3]' as 'Double3' and array 'Double3Array
[2026-10-09 19:22:58,076][DEBUG] <SIM_HOME>/isaacsim-5.1.0/extscache/omni.graph.tools-1.79.2+69cbf6ad/omni/graph/tools/_impl/autonode_generator/ogn_types.py[line:52] -: Defining data type 'double[4]' as 'Double4' and array 'Double4Array
[2026-10-09 19:22:58,076][DEBUG] <SIM_HOME>/isaacsim-5.1.0/extscache/omni.graph.tools-1.79.2+69cbf6ad/omni/graph/tools/_impl/autonode_generator/ogn_types.py[line:52] -: Defining data type 'execution' as 'Execution'
[2026-10-09 19:22:58,076][DEBUG] <SIM_HOME>/isaacsim-5.1.0/extscache/omni.graph.tools-1.79.2+69cbf6ad/omni/graph/tools/_impl/autonode_generator/ogn_types.py[line:52] -: Defining data type 'float' as 'Float' and array 'FloatArray
[2026-10-09 19:22:58,076][DEBUG] <SIM_HOME>/isaacsim-5.1.0/extscache/omni.graph.tools-1.79.2+69cbf6ad/omni/graph/tools/_impl/autonode_generator/ogn_types.py[line:52] -: Defining data type 'float[2]' as 'Float2' and array 'Float2Array
[2026-10-09 19:22:58,076][DEBUG] <SIM_HOME>/isaacsim-5.1.0/extscache/omni.graph.tools-1.79.2+69cbf6ad/omni/graph/tools/_impl/autonode_generator/ogn_types.py[line:52] -: Defining data type 'float[3]' as 'Float3' and array 'Float3Array
[2026-10-09 19:22:58,076][DEBUG] <SIM_HOME>/isaacsim-5.1.0/extscache/omni.graph.tools-1.79.2+69cbf6ad/omni/graph/tools/_impl/autonode_generator/ogn_types.py[line:52] -: Defining data type 'float[4]' as 'Float4' and array 'Float4Array
[2026-10-09 19:22:58,076][DEBUG] <SIM_HOME>/isaacsim-5.1.0/extscache/omni.graph.tools-1.79.2+69cbf6ad/omni/graph/tools/_impl/autonode_generator/ogn_types.py[line:52] -: Defining data type 'frame[4]' as 'Frame' and array 'FrameArray
[2026-10-09 19:22:58,076][DEBUG] <SIM_HOME>/isaacsim-5.1.0/extscache/omni.graph.tools-1.79.2+69cbf6ad/omni/graph/tools/_impl/autonode_generator/ogn_types.py[line:52] -: Defining data type 'half' as 'Half' and array 'HalfArray
[2026-10-09 19:22:58,076][DEBUG] <SIM_HOME>/isaacsim-5.1.0/extscache/omni.graph.tools-1.79.2+69cbf6ad/omni/graph/tools/_impl/autonode_generator/ogn_types.py[line:52] -: Defining data type 'half[2]' as 'Half2' and array 'Half2Array
[2026-10-09 19:22:58,076][DEBUG] <SIM_HOME>/isaacsim-5.1.0/extscache/omni.graph.tools-1.79.2+69cbf6ad/omni/graph/tools/_impl/autonode_generator/ogn_types.py[line:52] -: Defining data type 'half[3]' as 'Half3' and array 'Half3Array
[2026-10-09 19:22:58,076][DEBUG] <SIM_HOME>/isaacsim-5.1.0/extscache/omni.graph.tools-1.79.2+69cbf6ad/omni/graph/tools/_impl/autonode_generator/ogn_types.py[line:52] -: Defining data type 'half[4]' as 'Half4' and array 'Half4Array
[2026-10-09 19:22:58,076][DEBUG] <SIM_HOME>/isaacsim-5.1.0/extscache/omni.graph.tools-1.79.2+69cbf6ad/omni/graph/tools/_impl/autonode_generator/ogn_types.py[line:52] -: Defining data type 'int' as 'Int' and array 'IntArray
[2026-10-09 19:22:58,076][DEBUG] <SIM_HOME>/isaacsim-5.1.0/extscache/omni.graph.tools-1.79.2+69cbf6ad/omni/graph/tools/_impl/autonode_generator/ogn_types.py[line:52] -: Defining data type 'int[2]' as 'Int2' and array 'Int2Array
[2026-10-09 19:22:58,076][DEBUG] <SIM_HOME>/isaacsim-5.1.0/extscache/omni.graph.tools-1.79.2+69cbf6ad/omni/graph/tools/_impl/autonode_generator/ogn_types.py[line:52] -: Defining data type 'int[3]' as 'Int3' and array 'Int3Array
[2026-10-09 19:22:58,076][DEBUG] <SIM_HOME>/isaacsim-5.1.0/extscache/omni.graph.tools-1.79.2+69cbf6ad/omni/graph/tools/_impl/autonode_generator/ogn_types.py[line:52] -: Defining data type 'int[4]' as 'Int4' and array 'Int4Array
[2026-10-09 19:22:58,076][DEBUG] <SIM_HOME>/isaacsim-5.1.0/extscache/omni.graph.tools-1.79.2+69cbf6ad/omni/graph/tools/_impl/autonode_generator/ogn_types.py[line:52] -: Defining data type 'int64' as 'Int64' and array 'Int64Array
[2026-10-09 19:22:58,076][DEBUG] <SIM_HOME>/isaacsim-5.1.0/extscache/omni.graph.tools-1.79.2+69cbf6ad/omni/graph/tools/_impl/autonode_generator/ogn_types.py[line:52] -: Defining data type 'matrixd[2]' as 'Matrix2d' and array 'Matrix2dArray
[2026-10-09 19:22:58,076][DEBUG] <SIM_HOME>/isaacsim-5.1.0/extscache/omni.graph.tools-1.79.2+69cbf6ad/omni/graph/tools/_impl/autonode_generator/ogn_types.py[line:52] -: Defining data type 'matrixd[3]' as 'Matrix3d' and array 'Matrix3dArray
[2026-10-09 19:22:58,076][DEBUG] <SIM_HOME>/isaacsim-5.1.0/extscache/omni.graph.tools-1.79.2+69cbf6ad/omni/graph/tools/_impl/autonode_generator/ogn_types.py[line:52] -: Defining data type 'matrixd[4]' as 'Matrix4d' and array 'Matrix4dArray
[2026-10-09 19:22:58,076][DEBUG] <SIM_HOME>/isaacsim-5.1.0/extscache/omni.graph.tools-1.79.2+69cbf6ad/omni/graph/tools/_impl/autonode_generator/ogn_types.py[line:52] -: Defining data type 'normald[3]' as 'Normal3d' and array 'Normal3dArray
[2026-10-09 19:22:58,076][DEBUG] <SIM_HOME>/isaacsim-5.1.0/extscache/omni.graph.tools-1.79.2+69cbf6ad/omni/graph/tools/_impl/autonode_generator/ogn_types.py[line:52] -: Defining data type 'normalf[3]' as 'Normal3f' and array 'Normal3fArray
[2026-10-09 19:22:58,076][DEBUG] <SIM_HOME>/isaacsim-5.1.0/extscache/omni.graph.tools-1.79.2+69cbf6ad/omni/graph/tools/_impl/autonode_generator/ogn_types.py[line:52] -: Defining data type 'normalh[3]' as 'Normal3h' and array 'Normal3hArray
[2026-10-09 19:22:58,076][DEBUG] <SIM_HOME>/isaacsim-5.1.0/extscache/omni.graph.tools-1.79.2+69cbf6ad/omni/graph/tools/_impl/autonode_generator/ogn_types.py[line:52] -: Defining data type 'objectId' as 'ObjectId' and array 'ObjectIdArray
[2026-10-09 19:22:58,077][DEBUG] <SIM_HOME>/isaacsim-5.1.0/extscache/omni.graph.tools-1.79.2+69cbf6ad/omni/graph/tools/_impl/autonode_generator/ogn_types.py[line:52] -: Defining data type 'path' as 'Path'
[2026-10-09 19:22:58,077][DEBUG] <SIM_HOME>/isaacsim-5.1.0/extscache/omni.graph.tools-1.79.2+69cbf6ad/omni/graph/tools/_impl/autonode_generator/ogn_types.py[line:52] -: Defining data type 'pointd[3]' as 'Point3d' and array 'Point3dArray
[2026-10-09 19:22:58,077][DEBUG] <SIM_HOME>/isaacsim-5.1.0/extscache/omni.graph.tools-1.79.2+69cbf6ad/omni/graph/tools/_impl/autonode_generator/ogn_types.py[line:52] -: Defining data type 'pointf[3]' as 'Point3f' and array 'Point3fArray
[2026-10-09 19:22:58,077][DEBUG] <SIM_HOME>/isaacsim-5.1.0/extscache/omni.graph.tools-1.79.2+69cbf6ad/omni/graph/tools/_impl/autonode_generator/ogn_types.py[line:52] -: Defining data type 'pointh[3]' as 'Point3h' and array 'Point3hArray
[2026-10-09 19:22:58,077][DEBUG] <SIM_HOME>/isaacsim-5.1.0/extscache/omni.graph.tools-1.79.2+69cbf6ad/omni/graph/tools/_impl/autonode_generator/ogn_types.py[line:52] -: Defining data type 'quatd[4]' as 'Quatd' and array 'QuatdArray
[2026-10-09 19:22:58,077][DEBUG] <SIM_HOME>/isaacsim-5.1.0/extscache/omni.graph.tools-1.79.2+69cbf6ad/omni/graph/tools/_impl/autonode_generator/ogn_types.py[line:52] -: Defining data type 'quatf[4]' as 'Quatf' and array 'QuatfArray
[2026-10-09 19:22:58,077][DEBUG] <SIM_HOME>/isaacsim-5.1.0/extscache/omni.graph.tools-1.79.2+69cbf6ad/omni/graph/tools/_impl/autonode_generator/ogn_types.py[line:52] -: Defining data type 'quath[4]' as 'Quath' and array 'QuathArray
[2026-10-09 19:22:58,077][DEBUG] <SIM_HOME>/isaacsim-5.1.0/extscache/omni.graph.tools-1.79.2+69cbf6ad/omni/graph/tools/_impl/autonode_generator/ogn_types.py[line:52] -: Defining data type 'string' as 'String'
[2026-10-09 19:22:58,077][DEBUG] <SIM_HOME>/isaacsim-5.1.0/extscache/omni.graph.tools-1.79.2+69cbf6ad/omni/graph/tools/_impl/autonode_generator/ogn_types.py[line:52] -: Defining data type 'target' as 'Target'
[2026-10-09 19:22:58,077][DEBUG] <SIM_HOME>/isaacsim-5.1.0/extscache/omni.graph.tools-1.79.2+69cbf6ad/omni/graph/tools/_impl/autonode_generator/ogn_types.py[line:52] -: Defining data type 'texcoordd[2]' as 'TexCoord2d' and array 'TexCoord2dArray
[2026-10-09 19:22:58,077][DEBUG] <SIM_HOME>/isaacsim-5.1.0/extscache/omni.graph.tools-1.79.2+69cbf6ad/omni/graph/tools/_impl/autonode_generator/ogn_types.py[line:52] -: Defining data type 'texcoordf[2]' as 'TexCoord2f' and array 'TexCoord2fArray
[2026-10-09 19:22:58,077][DEBUG] <SIM_HOME>/isaacsim-5.1.0/extscache/omni.graph.tools-1.79.2+69cbf6ad/omni/graph/tools/_impl/autonode_generator/ogn_types.py[line:52] -: Defining data type 'texcoordh[2]' as 'TexCoord2h' and array 'TexCoord2hArray
[2026-10-09 19:22:58,077][DEBUG] <SIM_HOME>/isaacsim-5.1.0/extscache/omni.graph.tools-1.79.2+69cbf6ad/omni/graph/tools/_impl/autonode_generator/ogn_types.py[line:52] -: Defining data type 'texcoordd[3]' as 'TexCoord3d' and array 'TexCoord3dArray
[2026-10-09 19:22:58,077][DEBUG] <SIM_HOME>/isaacsim-5.1.0/extscache/omni.graph.tools-1.79.2+69cbf6ad/omni/graph/tools/_impl/autonode_generator/ogn_types.py[line:52] -: Defining data type 'texcoordf[3]' as 'TexCoord3f' and array 'TexCoord3fArray
[2026-10-09 19:22:58,077][DEBUG] <SIM_HOME>/isaacsim-5.1.0/extscache/omni.graph.tools-1.79.2+69cbf6ad/omni/graph/tools/_impl/autonode_generator/ogn_types.py[line:52] -: Defining data type 'texcoordh[3]' as 'TexCoord3h' and array 'TexCoord3hArray
[2026-10-09 19:22:58,077][DEBUG] <SIM_HOME>/isaacsim-5.1.0/extscache/omni.graph.tools-1.79.2+69cbf6ad/omni/graph/tools/_impl/autonode_generator/ogn_types.py[line:52] -: Defining data type 'timecode' as 'Timecode' and array 'TimecodeArray
[2026-10-09 19:22:58,077][DEBUG] <SIM_HOME>/isaacsim-5.1.0/extscache/omni.graph.tools-1.79.2+69cbf6ad/omni/graph/tools/_impl/autonode_generator/ogn_types.py[line:52] -: Defining data type 'token' as 'Token' and array 'TokenArray
[2026-10-09 19:22:58,077][DEBUG] <SIM_HOME>/isaacsim-5.1.0/extscache/omni.graph.tools-1.79.2+69cbf6ad/omni/graph/tools/_impl/autonode_generator/ogn_types.py[line:52] -: Defining data type 'uchar' as 'UChar' and array 'UCharArray
[2026-10-09 19:22:58,077][DEBUG] <SIM_HOME>/isaacsim-5.1.0/extscache/omni.graph.tools-1.79.2+69cbf6ad/omni/graph/tools/_impl/autonode_generator/ogn_types.py[line:52] -: Defining data type 'uint' as 'UInt' and array 'UIntArray
[2026-10-09 19:22:58,077][DEBUG] <SIM_HOME>/isaacsim-5.1.0/extscache/omni.graph.tools-1.79.2+69cbf6ad/omni/graph/tools/_impl/autonode_generator/ogn_types.py[line:52] -: Defining data type 'uint64' as 'UInt64' and array 'UInt64Array
[2026-10-09 19:22:58,077][DEBUG] <SIM_HOME>/isaacsim-5.1.0/extscache/omni.graph.tools-1.79.2+69cbf6ad/omni/graph/tools/_impl/autonode_generator/ogn_types.py[line:52] -: Defining data type 'vectord[3]' as 'Vector3d' and array 'Vector3dArray
[2026-10-09 19:22:58,077][DEBUG] <SIM_HOME>/isaacsim-5.1.0/extscache/omni.graph.tools-1.79.2+69cbf6ad/omni/graph/tools/_impl/autonode_generator/ogn_types.py[line:52] -: Defining data type 'vectorf[3]' as 'Vector3f' and array 'Vector3fArray
[2026-10-09 19:22:58,077][DEBUG] <SIM_HOME>/isaacsim-5.1.0/extscache/omni.graph.tools-1.79.2+69cbf6ad/omni/graph/tools/_impl/autonode_generator/ogn_types.py[line:52] -: Defining data type 'vectorh[3]' as 'Vector3h' and array 'Vector3hArray
[2.186s] [ext: omni.graph.image.core-0.6.1] startup
[2.187s] [ext: omni.hydra.rtx-1.0.0] startup
2026-10-09T11:22:58Z [2,195ms] [Warning] [omni.log] Source: omni.hydra was already registered.
[2.227s] [ext: omni.kit.window.file_importer-1.1.18] startup
[2.230s] [ext: omni.kit.menu.utils-2.0.5] startup
[2.237s] [ext: omni.graph.image.nodes-1.3.1] startup
[2.238s] [ext: omni.kit.widget.searchable_combobox-1.0.6] startup
[2.239s] [ext: omni.kit.hydra_texture-1.4.6] startup
[2.243s] [ext: omni.kit.material.library-2.0.7] startup
[2.247s] [ext: omni.hydra.engine.stats-1.0.3] startup
[2.249s] [ext: omni.kit.viewport.scene_camera_model-1.0.6] startup
[2.254s] [ext: omni.kit.widget.settings-1.2.6] startup
[2.256s] [ext: omni.kit.viewport.legacy_gizmos-1.0.19] startup
[2.258s] [ext: omni.kit.widget.viewport-107.1.3] startup
[2.262s] [ext: omni.kit.viewport.registry-104.0.6] startup
[2.262s] [ext: omni.kit.raycast.query-1.1.0] startup
[2.267s] [ext: omni.physx.tensors-107.3.26] startup
[2.272s] [ext: omni.kit.window.drop_support-1.0.5] startup
[2.272s] [ext: omni.kit.primitive.mesh-1.0.17] startup
[2.275s] [ext: omni.kit.viewport.window-107.2.0] startup
[2.293s] [ext: omni.kit.window.preferences-1.8.0] startup
[2.297s] [ext: isaacsim.core.simulation_manager-1.4.4] startup
[2.413s] [ext: omni.graph.action_core-1.1.7] startup
[2.415s] [ext: omni.graph-1.141.2] startup
[2.453s] [ext: omni.kit.viewport.utility-1.1.2] startup
[2.454s] [ext: omni.kit.viewport.menubar.core-107.2.1] startup
[2.468s] [ext: isaacsim.core.prims-0.6.1] startup
[2.493s] [ext: omni.graph.action_nodes-1.50.4] startup
[2.497s] [ext: omni.kit.stage_template.core-1.1.22] startup
[2.500s] [ext: omni.syntheticdata-0.6.13] startup
[2.529s] [ext: omni.graph.nodes-1.170.10] startup
[2.540s] [ext: omni.graph.action-1.130.0] startup
[2.543s] [ext: omni.kit.stage_templates-2.0.0] startup
[2.556s] [ext: omni.kit.widget.filter-1.1.4] startup
[2.560s] [ext: omni.kit.widget.graph-2.0.0] startup
[2.586s] [ext: omni.kit.property.adapter.core-1.0.2] startup
[2.598s] [ext: omni.kit.window.file_exporter-1.0.33] startup
[2.600s] [ext: omni.kit.widget.searchfield-1.1.8] startup
[2.602s] [ext: omni.kit.hotkeys.core-1.3.10] startup
[2.603s] [ext: omni.kit.graph.delegate.default-1.2.3] startup
[2.604s] [ext: omni.kit.property.adapter.fabric-1.0.3] startup
[2.606s] [ext: omni.kit.widget.stage-3.1.4] startup
[2.616s] [ext: omni.kit.property.adapter.usd-1.0.2] startup
[2.618s] [ext: omni.kit.graph.editor.core-1.5.3] startup
[2.620s] [ext: omni.kit.widget.material_preview-1.0.16] startup
[2.622s] [ext: omni.kit.widget.highlight_label-1.0.3] startup
[2.623s] [ext: omni.kit.window.file-2.0.5] startup
[2.626s] [ext: omni.kit.window.content_browser_registry-0.0.6] startup
[2.628s] [ext: omni.kit.window.property-1.12.1] startup
[2.630s] [ext: omni.kit.window.content_browser-3.1.3] startup
[2.641s] [ext: omni.kit.graph.usd.commands-1.3.1] startup
[2.642s] [ext: omni.kit.property.usd-4.5.12] startup
[2.653s] [ext: omni.graph.ui_nodes-1.50.5] startup
[2.657s] [ext: omni.videoencoding-0.1.2] startup
[2.659s] [ext: omni.kit.window.material_graph-1.9.1] startup
[2.673s] [ext: omni.warp-1.8.2] startup
[2.679s] [ext: isaacsim.core.api-4.8.0] startup
[2.703s] [ext: omni.graph.scriptnode-1.50.0] startup
[2.709s] [ext: isaacsim.test.docstring-1.1.0] startup
[2.720s] [ext: isaacsim.core.experimental.utils-0.3.0] startup
[2.737s] [ext: omni.replicator.core-1.12.27] startup
2026-10-09T11:22:58Z [2,760ms] [Warning] [pxr.Semantics] pxr.Semantics is deprecated - please use Semantics instead
Warp 1.8.2 initialized:
   CUDA Toolkit 12.8, Driver 13.0
   Devices:
     "cpu"      : "x86_64"
     "cuda:0"   : "NVIDIA L20" (44 GiB, sm_89, mempool enabled)
   Kernel cache:
     <SIM_HOME>/.cache/warp/1.8.2
2026-10-09T11:22:58Z [2,896ms] [Warning] [omni.graph.core.plugin] Found duplicate of category 'Replicator' - was 'Annotators', adding 'Fabric Reader'
2026-10-09T11:22:58Z [2,897ms] [Warning] [omni.graph.core.plugin] Category 'Replicator' not accepted on node type 'omni.replicator.core.FabricReader' in extension 'omni.replicator.core'
2026-10-09T11:22:58Z [2,897ms] [Warning] [omni.replicator.core.scripts.extension] No material configuration file, adding configuration to material settings directly.
[2.913s] [ext: isaacsim.core.experimental.prims-0.8.1] startup
[2.964s] [ext: omni.kit.window.extensions-1.4.27] startup
[2.976s] [ext: isaacsim.core.experimental.objects-0.4.0] startup
[2.982s] [ext: omni.ui_query-1.1.8] startup
[2.985s] [ext: omni.kit.manipulator.viewport-107.0.1] startup
[2.987s] [ext: isaacsim.robot.surface_gripper-3.3.1] startup
[2.995s] [ext: omni.kit.ui_test-1.3.7] startup
[3.004s] [ext: omni.graph.visualization.nodes-2.1.3] startup
[3.041s] [ext: isaacsim.robot_motion.lula-4.0.8] startup
[3.061s] [ext: isaacsim.core.nodes-3.4.3] startup
[3.091s] [ext: isaacsim.gui.components-1.2.1] startup
[3.144s] [ext: isaacsim.robot_motion.motion_generation-8.0.26] startup
Warp DeprecationWarning: The `warp.sim` module is deprecated and will be removed in v1.10. Please transition to using the forthcoming Newton library instead.
[3.528s] [ext: isaacsim.robot.manipulators-3.3.6] startup
[3.536s] [ext: isaacsim.core.experimental.materials-0.4.0] startup
[3.551s] [ext: isaacsim.robot.manipulators.examples-1.1.2] startup
[3.555s] [ext: isaacsim.cortex.framework-1.0.12] startup
[3.561s] [ext: isaacsim.cortex.behaviors-2.0.14] startup
[3.567s] [ext: omni.isaac.cortex.sample_behaviors-2.0.5] startup
2026-10-09T11:22:59Z [3,558ms] [Warning] [omni.isaac.cortex] omni.isaac.cortex has been deprecated in favor of isaacsim.cortex.framework. Please update your code accordingly.
2026-10-09T11:22:59Z [3,560ms] [Warning] [omni.isaac.cortex.sample_behaviors] omni.isaac.cortex.sample_behaviors has been deprecated in favor of isaacsim.cortex.behaviors. Please update your code accordingly.
[3.573s] [ext: omni.kit.widget.zoombar-1.0.6] startup
[3.583s] [ext: isaacsim.gui.content_browser-0.1.11] startup
[3.596s] [ext: omni.kit.browser.core-2.3.13] startup
[3.601s] [ext: omni.kit.widget.stage_icons-1.0.8] startup
[3.607s] [ext: omni.kit.widget.prompt-1.0.7] startup
[3.609s] [ext: omni.kit.usd.collect-2.4.5] startup
[3.613s] [ext: omni.kit.browser.folder.core-1.10.9] startup
[3.623s] [ext: omni.kit.window.stage-2.6.1] startup
[3.639s] [ext: omni.kit.usdz_export-1.0.9] startup
[3.645s] [ext: omni.kit.tool.collect-2.2.18] startup
[3.654s] [ext: omni.kit.menu.stage-1.2.7] startup
[3.658s] [ext: omni.kit.tool.asset_importer-4.3.2] startup
[3.669s] [ext: isaacsim.robot.wheeled_robots-4.0.24] startup
[3.684s] [ext: isaacsim.examples.browser-0.2.1] startup
[3.693s] [ext: isaacsim.asset.importer.urdf-2.4.30] startup
[3.784s] [ext: omni.isaac.wheeled_robots-3.0.7] startup
2026-10-09T11:22:59Z [3,773ms] [Warning] [omni.isaac.wheeled_robots] omni.isaac.wheeled_robots has been deprecated in favor of isaacsim.robot.wheeled_robots. Please update your code accordingly.
2026-10-09T11:22:59Z [3,774ms] [Warning] [omni.isaac.wheeled_robots.controllers] omni.isaac.wheeled_robots has been deprecated in favor of isaacsim.robot.wheeled_robots. Please update your code accordingly.
2026-10-09T11:22:59Z [3,774ms] [Warning] [omni.isaac.wheeled_robots.controllers.ackermann_controller] omni.isaac.wheeled_robots has been deprecated in favor of isaacsim.robot.wheeled_robots. Please update your code accordingly.
2026-10-09T11:22:59Z [3,774ms] [Warning] [omni.isaac.wheeled_robots.controllers.differential_controller] omni.isaac.wheeled_robots has been deprecated in favor of isaacsim.robot.wheeled_robots. Please update your code accordingly.
2026-10-09T11:22:59Z [3,774ms] [Warning] [omni.isaac.wheeled_robots.controllers.holonomic_controller] omni.isaac.wheeled_robots has been deprecated in favor of isaacsim.robot.wheeled_robots. Please update your code accordingly.
2026-10-09T11:22:59Z [3,775ms] [Warning] [omni.isaac.wheeled_robots.controllers.quintic_path_planner] omni.isaac.wheeled_robots has been deprecated in favor of isaacsim.robot.wheeled_robots. Please update your code accordingly.
2026-10-09T11:22:59Z [3,775ms] [Warning] [omni.isaac.wheeled_robots.controllers.stanley_control] omni.isaac.wheeled_robots has been deprecated in favor of isaacsim.robot.wheeled_robots. Please update your code accordingly.
2026-10-09T11:22:59Z [3,775ms] [Warning] [omni.isaac.wheeled_robots.controllers.wheel_base_pose_controller] omni.isaac.wheeled_robots has been deprecated in favor of isaacsim.robot.wheeled_robots. Please update your code accordingly.
2026-10-09T11:22:59Z [3,775ms] [Warning] [omni.isaac.wheeled_robots.impl] omni.isaac.wheeled_robots has been deprecated in favor of isaacsim.robot.wheeled_robots. Please update your code accordingly.
2026-10-09T11:22:59Z [3,775ms] [Warning] [omni.isaac.wheeled_robots.robots] omni.isaac.wheeled_robots has been deprecated in favor of isaacsim.robot.wheeled_robots. Please update your code accordingly.
2026-10-09T11:22:59Z [3,778ms] [Warning] [omni.isaac.wheeled_robots.robots.holonomic_robot_usd_setup] omni.isaac.wheeled_robots has been deprecated in favor of isaacsim.robot.wheeled_robots. Please update your code accordingly.
2026-10-09T11:22:59Z [3,782ms] [Warning] [omni.isaac.wheeled_robots.robots.wheeled_robot] omni.isaac.wheeled_robots has been deprecated in favor of isaacsim.robot.wheeled_robots. Please update your code accordingly.
[3.794s] [ext: isaacsim.simulation_app-2.12.2] startup
[3.797s] [ext: omni.isaac.franka-1.0.7] startup
2026-10-09T11:22:59Z [3,785ms] [Warning] [omni.isaac.franka] omni.isaac.franka has been deprecated in favor of isaacsim.robot.manipulators.examples.franka. Please update your code accordingly.
2026-10-09T11:22:59Z [3,786ms] [Warning] [omni.isaac.franka.franka] omni.isaac.franka has been deprecated in favor of isaacsim.robot.manipulators.examples.franka. Please update your code accordingly.
2026-10-09T11:22:59Z [3,805ms] [Warning] [omni.isaac.franka.kinematics_solver] omni.isaac.franka has been deprecated in favor of isaacsim.robot.manipulators.examples.franka. Please update your code accordingly.
[3.818s] [ext: omni.isaac.kit-2.0.6] startup
2026-10-09T11:22:59Z [3,808ms] [Warning] [omni.isaac.kit] omni.isaac.kit has been deprecated in favor of isaacsim.simulation_app. Please update your code accordingly.
[3.821s] [ext: omni.kit.selection-0.1.6] startup
[3.823s] [ext: omni.isaac.lula-4.0.6] startup
2026-10-09T11:22:59Z [3,811ms] [Warning] [omni.isaac.lula] omni.isaac.lula has been deprecated in favor of isaacsim.robot_motion.lula. Please update your code accordingly.
[3.823s] [ext: isaacsim.robot_motion.lula_test_widget-1.0.12] startup
[3.825s] [ext: isaacsim.asset.browser-1.3.23] startup
[3.888s] [ext: omni.kit.viewport.actions-107.0.2] startup
[3.894s] [ext: isaacsim.gui.menu-2.4.4] startup
[3.899s] [ext: omni.isaac.manipulators-3.0.7] startup
2026-10-09T11:22:59Z [3,889ms] [Warning] [omni.isaac.manipulators] omni.isaac.manipulators has been deprecated in favor of isaacsim.robot.manipulators. Please update your code accordingly.
2026-10-09T11:22:59Z [3,889ms] [Warning] [omni.isaac.manipulators.controllers] omni.isaac.manipulators has been deprecated in favor of isaacsim.robot.manipulators. Please update your code accordingly.
2026-10-09T11:22:59Z [3,889ms] [Warning] [omni.isaac.manipulators.controllers.pick_place_controller] omni.isaac.manipulators has been deprecated in favor of isaacsim.robot.manipulators. Please update your code accordingly.
2026-10-09T11:22:59Z [3,890ms] [Warning] [omni.isaac.manipulators.controllers.stacking_controller] omni.isaac.manipulators has been deprecated in favor of isaacsim.robot.manipulators. Please update your code accordingly.
2026-10-09T11:22:59Z [3,891ms] [Warning] [omni.isaac.manipulators.grippers] omni.isaac.manipulators has been deprecated in favor of isaacsim.robot.manipulators. Please update your code accordingly.
2026-10-09T11:22:59Z [3,892ms] [Warning] [omni.isaac.manipulators.grippers.gripper] omni.isaac.manipulators has been deprecated in favor of isaacsim.robot.manipulators. Please update your code accordingly.
2026-10-09T11:22:59Z [3,892ms] [Warning] [omni.isaac.manipulators.grippers.parallel_gripper] omni.isaac.manipulators has been deprecated in favor of isaacsim.robot.manipulators. Please update your code accordingly.
2026-10-09T11:22:59Z [3,892ms] [Warning] [omni.isaac.manipulators.grippers.surface_gripper] omni.isaac.manipulators has been deprecated in favor of isaacsim.robot.manipulators. Please update your code accordingly.
2026-10-09T11:22:59Z [3,892ms] [Warning] [omni.isaac.manipulators.manipulators] omni.isaac.manipulators has been deprecated in favor of isaacsim.robot.manipulators. Please update your code accordingly.
2026-10-09T11:22:59Z [3,893ms] [Warning] [omni.isaac.manipulators.manipulators.single_manipulator] omni.isaac.manipulators has been deprecated in favor of isaacsim.robot.manipulators. Please update your code accordingly.
[3.905s] [ext: omni.isaac.lula_test_widget-1.0.6] startup
2026-10-09T11:22:59Z [3,895ms] [Warning] [omni.isaac.lula_test_widget] omni.isaac.lula_test_widget has been deprecated in favor of isaacsim.robot_motion.lula_test_widget. Please update your code accordingly.
[3.908s] [ext: omni.isaac.asset_browser-1.0.6] startup
2026-10-09T11:22:59Z [3,897ms] [Warning] [omni.isaac.asset_browser] omni.isaac.asset_browser has been deprecated in favor of isaacsim.asset.browser. Please update your code accordingly.
[3.910s] [ext: omni.kit.viewport.menubar.display-107.0.3] startup
[3.916s] [ext: omni.isaac.menu-1.0.6] startup
2026-10-09T11:22:59Z [3,905ms] [Warning] [omni.isaac.menu] omni.isaac.menu has been deprecated in favor of isaacsim.gui.menu. Please update your code accordingly.
[3.918s] [ext: omni.isaac.motion_generation-8.0.7] startup
2026-10-09T11:22:59Z [3,907ms] [Warning] [omni.isaac.motion_generation] omni.isaac.motion_generation has been deprecated in favor of isaacsim.robot_motion.motion_generation. Please update your code accordingly.
2026-10-09T11:22:59Z [3,907ms] [Warning] [omni.isaac.motion_generation.articulation_kinematics_solver] omni.isaac.motion_generation has been deprecated in favor of isaacsim.robot_motion.motion_generation. Please update your code accordingly.
2026-10-09T11:22:59Z [3,909ms] [Warning] [omni.isaac.motion_generation.articulation_motion_policy] omni.isaac.motion_generation has been deprecated in favor of isaacsim.robot_motion.motion_generation. Please update your code accordingly.
2026-10-09T11:22:59Z [3,909ms] [Warning] [omni.isaac.motion_generation.articulation_trajectory] omni.isaac.motion_generation has been deprecated in favor of isaacsim.robot_motion.motion_generation. Please update your code accordingly.
2026-10-09T11:22:59Z [3,909ms] [Warning] [omni.isaac.motion_generation.kinematics_interface] omni.isaac.motion_generation has been deprecated in favor of isaacsim.robot_motion.motion_generation. Please update your code accordingly.
2026-10-09T11:22:59Z [3,909ms] [Warning] [omni.isaac.motion_generation.lula] omni.isaac.motion_generation has been deprecated in favor of isaacsim.robot_motion.motion_generation. Please update your code accordingly.
2026-10-09T11:22:59Z [3,909ms] [Warning] [omni.isaac.motion_generation.lula.kinematics] omni.isaac.motion_generation has been deprecated in favor of isaacsim.robot_motion.motion_generation. Please update your code accordingly.
2026-10-09T11:22:59Z [3,909ms] [Warning] [omni.isaac.motion_generation.lula.motion_policies] omni.isaac.motion_generation has been deprecated in favor of isaacsim.robot_motion.motion_generation. Please update your code accordingly.
2026-10-09T11:22:59Z [3,909ms] [Warning] [omni.isaac.motion_generation.lula.path_planners] omni.isaac.motion_generation has been deprecated in favor of isaacsim.robot_motion.motion_generation. Please update your code accordingly.
2026-10-09T11:22:59Z [3,910ms] [Warning] [omni.isaac.motion_generation.lula.trajectory_generator] omni.isaac.motion_generation has been deprecated in favor of isaacsim.robot_motion.motion_generation. Please update your code accordingly.
2026-10-09T11:22:59Z [3,910ms] [Warning] [omni.isaac.motion_generation.motion_policy_controller] omni.isaac.motion_generation has been deprecated in favor of isaacsim.robot_motion.motion_generation. Please update your code accordingly.
2026-10-09T11:22:59Z [3,910ms] [Warning] [omni.isaac.motion_generation.motion_policy_interface] omni.isaac.motion_generation has been deprecated in favor of isaacsim.robot_motion.motion_generation. Please update your code accordingly.
2026-10-09T11:22:59Z [3,910ms] [Warning] [omni.isaac.motion_generation.path_planner_visualizer] omni.isaac.motion_generation has been deprecated in favor of isaacsim.robot_motion.motion_generation. Please update your code accordingly.
2026-10-09T11:22:59Z [3,910ms] [Warning] [omni.isaac.motion_generation.path_planning_interface] omni.isaac.motion_generation has been deprecated in favor of isaacsim.robot_motion.motion_generation. Please update your code accordingly.
2026-10-09T11:22:59Z [3,910ms] [Warning] [omni.isaac.motion_generation.trajectory] omni.isaac.motion_generation has been deprecated in favor of isaacsim.robot_motion.motion_generation. Please update your code accordingly.
2026-10-09T11:22:59Z [3,910ms] [Warning] [omni.isaac.motion_generation.world_interface] omni.isaac.motion_generation has been deprecated in favor of isaacsim.robot_motion.motion_generation. Please update your code accordingly.
[3.923s] [ext: omni.isaac.assets_check-0.3.13] startup
2026-10-09T11:22:59Z [3,912ms] [Warning] [omni.isaac.assets_check] omni.isaac.assets_check has been deprecated in favor of isaacsim.asset.browser. Please update your code accordingly.
[3.925s] [ext: isaacsim.gui.sensors.icon-2.0.3] startup
[3.940s] [ext: isaacsim.asset.importer.mjcf-2.5.13] startup
[3.946s] [ext: omni.sensors.nv.common-3.0.0] startup
[3.958s] [ext: isaacsim.sensors.physics-0.4.3] startup
[3.964s] [ext: omni.sensors.net-1.0.0] startup
[3.967s] [ext: omni.isaac.nucleus-1.0.6] startup
2026-10-09T11:22:59Z [3,956ms] [Warning] [omni.isaac.nucleus] omni.isaac.nucleus has been deprecated in favor of isaacsim.storage.native. Please update your code accordingly.
2026-10-09T11:22:59Z [3,956ms] [Warning] [omni.isaac.nucleus.nucleus] omni.isaac.nucleus.nucleus has been deprecated in favor of isaacsim.storage.native. Please update your code accordingly.
[3.969s] [ext: omni.sensors.nv.materials-2.0.0] startup
[3.976s] [ext: isaacsim.robot.policy.examples-4.1.11] startup
[3.980s] [ext: omni.sensors.nv.wpm-3.0.0] startup
[3.984s] [ext: omni.sensors.nv.lidar-3.0.0] startup
[3.991s] [ext: isaacsim.util.debug_draw-3.1.0] startup
[3.995s] [ext: omni.sensors.nv.radar-3.0.0] startup
[3.999s] [ext: omni.sensors.nv.ids-2.0.0] startup
[4.001s] [ext: isaacsim.core.cloner-1.4.10] startup
[4.005s] [ext: isaacsim.sensors.physx-2.3.2] startup
[4.010s] [ext: isaacsim.sensors.rtx-15.8.4] startup
[4.021s] [ext: isaacsim.sensors.camera-1.3.6] startup
[4.030s] [ext: omni.isaac.quadruped-3.0.7] startup
2026-10-09T11:22:59Z [4,020ms] [Warning] [omni.isaac.quadruped] omni.isaac.quadruped has been deprecated in favor of isaacsim.robot.policy.examples. Please update your code accordingly.
[4.033s] [ext: omni.isaac.cloner-1.0.7] startup
2026-10-09T11:22:59Z [4,025ms] [Warning] [omni.isaac.cloner] omni.isaac.cloner has been deprecated in favor of isaacsim.core.cloner. Please update your code accordingly.
[4.043s] [ext: omni.isaac.range_sensor-4.0.6] startup
2026-10-09T11:22:59Z [4,036ms] [Warning] [omni.isaac.range_sensor] omni.isaac.range_sensor has been deprecated in favor of isaacsim.sensors.physx. Please update your code accordingly.
2026-10-09T11:22:59Z [4,036ms] [Warning] [omni.isaac.range_sensor.commands] omni.isaac.range_sensor.commands has been deprecated in favor of isaacsim.sensors.physx.commands. Please update your code accordingly.
[4.049s] [ext: omni.isaac.sensor-13.0.7] startup
2026-10-09T11:22:59Z [4,041ms] [Warning] [omni.isaac.sensor] omni.isaac.sensor has been deprecated in favor of isaacsim.sensors.camera, isaacsim.sensors.physics, isaacsim.sensors.physx, and isaacsim.sensors.rtx. Please update your code accordingly.
2026-10-09T11:22:59Z [4,043ms] [Warning] [omni.isaac.sensor.camera] omni.isaac.sensor.camera has been deprecated in favor of isaacsim.sensors.camera.camera. Please update your code accordingly.
2026-10-09T11:22:59Z [4,043ms] [Warning] [omni.isaac.sensor.camera_view] omni.isaac.sensor.camera_view has been deprecated in favor of isaacsim.sensors.camera.camera_view. Please update your code accordingly.
2026-10-09T11:22:59Z [4,044ms] [Warning] [omni.isaac.sensor.commands] omni.isaac.sensor.commands has been deprecated in favor of isaacsim.sensors.physics.commands, isaacsim.sensors.physx.commands, and isaacsim.sensors.rtx.commands. Please update your code accordingly.
2026-10-09T11:22:59Z [4,044ms] [Warning] [omni.isaac.sensor.contact_sensor] omni.isaac.sensor.contact_sensor has been deprecated in favor of isaacsim.sensors.physics.contact_sensor. Please update your code accordingly.
2026-10-09T11:22:59Z [4,044ms] [Warning] [omni.isaac.sensor.imu_sensor] omni.isaac.sensor.imu_sensor has been deprecated in favor of isaacsim.sensors.physics.imu_sensor. Please update your code accordingly.
2026-10-09T11:22:59Z [4,044ms] [Warning] [omni.isaac.sensor.lidar_rtx] omni.isaac.sensor.lidar_rtx has been deprecated in favor of isaacsim.sensors.rtx.lidar_rtx. Please update your code accordingly.
2026-10-09T11:22:59Z [4,044ms] [Warning] [omni.isaac.sensor.rotating_lidar_physX] omni.isaac.sensor.imu_sensor has been deprecated in favor of isaacsim.sensors.physix.rotating_lidar_physX. Please update your code accordingly.
2026-10-09T11:22:59Z [4,044ms] [Warning] [omni.isaac.sensor.scripts.samples.contact_sensor] omni.isaac.sensor.scripts.samples.contact_sensor has been deprecated in favor of isaacsim.sensors.physics.scripts.samples.contact_sensor. Please update your code accordingly.
2026-10-09T11:22:59Z [4,044ms] [Warning] [omni.isaac.sensor.scripts.samples.imu_sensor] omni.isaac.sensor.scripts.samples.imu_sensor has been deprecated in favor of isaacsim.sensors.physics.scripts.samples.imu_sensor. Please update your code accordingly.
2026-10-09T11:22:59Z [4,045ms] [Warning] [omni.isaac.sensor.scripts.samples.lightbeam_sensor] omni.isaac.sensor.scripts.samples.lightbeam_sensor has been deprecated in favor of isaacsim.sensors.physx.scripts.samples.lightbeam_sensor. Please update your code accordingly.
[4.057s] [ext: omni.kit.menu.create-2.0.1] startup
[4.059s] [ext: omni.kit.widget.toolbar-2.0.1] startup
[4.076s] [ext: omni.kit.manipulator.transform-107.0.0] startup
[4.081s] [ext: omni.isaac.core-4.0.7] startup
2026-10-09T11:22:59Z [4,070ms] [Warning] [omni.isaac.core.physics_context.physics_context] omni.isaac.core.physics_context.physics_context has been deprecated in favor of isaacsim.core.api.physics_context.physics_context. Please update your code accordingly.
2026-10-09T11:22:59Z [4,070ms] [Warning] [omni.isaac.core.simulation_context.simulation_context] omni.isaac.core.simulation_context.simulation_context has been deprecated in favor of isaacsim.core.api.simulation_context.simulation_context. Please update your code accordingly.
2026-10-09T11:22:59Z [4,070ms] [Warning] [omni.isaac.core.world.world] omni.isaac.core.world.world has been deprecated in favor of isaacsim.core.api.world.world. Please update your code accordingly.
2026-10-09T11:22:59Z [4,070ms] [Warning] [omni.isaac.core] omni.isaac.core has been deprecated in favor of isaacsim.core.api. Please update your code accordingly.
[4.083s] [ext: omni.kit.scripting-107.3.2] startup
[4.090s] [ext: omni.kit.manipulator.tool.snap-1.5.13] startup
[4.094s] [ext: omni.kit.manipulator.selector-1.1.3] startup
[4.097s] [ext: isaacsim.app.about-2.0.11] startup
[4.102s] [ext: isaacsim.replicator.behavior-1.1.16] startup
[4.103s] [ext: omni.kit.viewport.manipulator.transform-107.0.4] startup
[4.106s] [ext: omni.isaac.window.about-2.0.7] startup
2026-10-09T11:23:00Z [4,095ms] [Warning] [omni.isaac.window.about] omni.isaac.window.about has been deprecated in favor of isaacsim.app.about. Please update your code accordingly.
2026-10-09T11:23:00Z [4,096ms] [Warning] [omni.isaac.window.about.about] omni.isaac.window.about.about has been deprecated in favor of isaacsim.app.about.about. Please update your code accordingly.
[4.108s] [ext: omni.fabric.commands-1.1.6] startup
[4.111s] [ext: omni.kit.manipulator.prim.core-107.0.8] startup
[4.118s] [ext: omni.kit.property.audio-1.0.16] startup
[4.120s] [ext: omni.kit.property.camera-1.0.10] startup
[4.122s] [ext: omni.kit.property.geometry-2.0.4] startup
[4.126s] [ext: omni.hydra.scene_api-0.1.2] startup
[4.132s] [ext: omni.kit.property.light-1.0.12] startup
[4.147s] [ext: omni.kit.manipulator.prim.fabric-107.0.4] startup
[4.150s] [ext: omni.kit.manipulator.prim.usd-107.0.3] startup
[4.151s] [ext: omni.kit.property.material-1.11.9] startup
[4.157s] [ext: omni.kit.property.render-1.2.1] startup
[4.159s] [ext: omni.kit.property.transform-1.5.13] startup
[4.164s] [ext: isaacsim.gui.property-1.1.3] startup
[4.166s] [ext: omni.kit.manipulator.camera-106.0.4] startup
[4.170s] [ext: omni.kit.manipulator.prim-107.0.0] startup
[4.171s] [ext: omni.isaac.surface_gripper-2.0.6] startup
2026-10-09T11:23:00Z [4,159ms] [Warning] [omni.isaac.surface_gripper] omni.isaac.surface_gripper has been deprecated in favor of isaacsim.robot.surface_gripper. Please update your code accordingly.
[4.171s] [ext: omni.kit.manipulator.selection-106.0.1] startup
[4.175s] [ext: omni.kit.property.bundle-1.4.1] startup
[4.177s] [ext: omni.kit.property.isaac-1.0.6] startup
2026-10-09T11:23:00Z [4,165ms] [Warning] [omni.kit.property.isaac] omni.kit.property.isaac has been deprecated in favor of isaacsim.gui.property. Please update your code accordingly.
2026-10-09T11:23:00Z [4,165ms] [Warning] [omni.kit.property.isaac.widgets] omni.kit.property.isaac.widgets has been deprecated in favor of isaacsim.gui.property.widgets. Please update your code accordingly.
[4.178s] [ext: omni.isaac.universal_robots-1.0.6] startup
2026-10-09T11:23:00Z [4,166ms] [Warning] [omni.isaac.universal_robots] omni.isaac.universal_robots has been deprecated in favor of isaacsim.robot.manipulators.examples.universal_robots. Please update your code accordingly.
2026-10-09T11:23:00Z [4,166ms] [Warning] [omni.isaac.universal_robots.kinematics_solver] omni.isaac.franka has been deprecated in favor of isaacsim.robot.manipulators.examples.universal_robots. Please update your code accordingly.
2026-10-09T11:23:00Z [4,167ms] [Warning] [omni.isaac.universal_robots.ur10] omni.isaac.franka has been deprecated in favor of isaacsim.robot.manipulators.examples.universal_robots. Please update your code accordingly.
[4.180s] [ext: omni.isaac.core_nodes-2.0.6] startup
2026-10-09T11:23:00Z [4,170ms] [Warning] [omni.isaac.core_nodes] omni.isaac.core_nodes has been deprecated in favor of isaacsim.core.nodes. Please update your code accordingly.
[4.182s] [ext: omni.kit.viewport.menubar.camera-107.0.6] startup
[4.191s] [ext: omni.kit.viewport.menubar.lighting-107.3.1] startup
[4.193s] [ext: isaacsim.replicator.writers-1.0.17] startup
[4.206s] [ext: omni.kit.viewport.menubar.render-107.0.10] startup
[4.213s] [ext: omni.kit.viewport.menubar.settings-107.0.3] startup
[4.218s] [ext: omni.kit.window.console-1.1.4] startup
[4.228s] [ext: isaacsim.replicator.domain_randomization-1.0.16] startup
[4.230s] [ext: isaacsim.replicator.examples-1.3.6] startup
[4.231s] [ext: omni.ocio-0.1.1] startup
[4.234s] [ext: omni.rtx.window.settings-0.6.19] startup
[4.250s] [ext: omni.kit.window.status_bar-0.1.9] startup
[4.255s] [ext: omni.kit.window.toolbar-2.0.0] startup
[4.271s] [ext: omni.replicator.isaac-2.0.8] startup
2026-10-09T11:23:00Z [4,260ms] [Warning] [omni.replicator.isaac] omni.replicator.isaac has been deprecated in favor of isaacsim.replicator.domain_randomization, isaacsim.replicator.examples, isaacsim.replicator.writers. Please update your code accordingly.
[4.273s] [ext: omni.replicator.replicator_yaml-2.0.11] startup
[4.284s] [ext: omni.rtx.settings.core-0.6.5] startup
[4.287s] [ext: omni.usd.metrics.assembler.ui-107.3.1] startup
[4.301s] [ext: omni.isaac.utils-2.0.6] startup
[4.305s] [ext: semantics.schema.editor-2.0.2] startup
[4.310s] [ext: omni.kit.ui.actions-1.0.5] startup
[4.312s] [ext: semantics.schema.property-2.0.1] startup
[4.313s] [ext: omni.isaac.version-2.0.7] startup
2026-10-09T11:23:00Z [4,302ms] [Warning] [omni.isaac.version] omni.isaac.version has been deprecated in favor of isaacsim.core.version. Please update your code accordingly.
[4.315s] [ext: omni.isaac.cortex-1.0.5] startup
[4.316s] [ext: omni.anim.curve.core-1.3.1] startup
[4.327s] [ext: isaacsim.core.throttling-2.2.2] startup
[4.330s] [ext: omni.kit.menu.common-2.0.1] startup
[4.333s] [ext: isaacsim.exp.base-5.1.0] startup
[4.333s] [ext: isaacsim.exp.base.python-5.1.0] startup
[4.335s] Simulation App Starting
2026-10-09T11:23:00Z [4,448ms] [Warning] [omni.fabric.plugin] Warning: attribute viewportHandle not found for bucket id 9

[4.595s] app ready
[7.723s] Simulation App Startup Complete
[2026-10-09 19:23:03,617][DEBUG] <PROJECT_ROOT>/internutopia/core/runner.py[line:533] -: SimulationApp init done
[2026-10-09 19:23:03,617][INFO] <PROJECT_ROOT>/internutopia/core/runner.py[line:489] -: simulator params: physics dt=0.004166666666666667, rendering dt=0.004166666666666667, use_fabric=False
[2026-10-09 19:23:03,625][INFO] <PROJECT_ROOT>/internutopia/core/runner.py[line:508] -: Beam solver override: {"applied": true, "changed": false, "isolated_scene": true, "isolation_evidence": "caller_scene_check", "original": "TGS", "readback": "TGS", "reason": "already_requested_solver", "recipe_names": ["fabrica_beam_ur5e_staged"], "requested": "TGS"}
2026-10-09T11:23:03Z [7,720ms] [Warning] [omni.isaac.core.scenes.scene] omni.isaac.core.scenes.scene has been deprecated in favor of isaacsim.core.api.scenes.scene. Please update your code accordingly.
2026-10-09T11:23:03Z [7,720ms] [Warning] [omni.isaac.core.scenes.scene_registry] omni.isaac.core.scenes.scene_registry has been deprecated in favor of isaacsim.core.api.scenes.scene_registry. Please update your code accordingly.
[2026-10-09 19:23:03,626][INFO] <PROJECT_ROOT>/internutopia/core/runner.py[line:49] -: rendering interval: 5
[2026-10-09 19:23:03,626][INFO] <PROJECT_ROOT>/internutopia/core/runner.py[line:296] -: ===================== init reset =====================
[2026-10-09 19:23:03,665][INFO] <PROJECT_ROOT>/internutopia/core/task/task.py[line:65] -: env 0 at [0.0, 0.0, 0]
2026-10-09T11:23:05Z [10,004ms] [Warning] [omni.isaac.core.utils.prims] omni.isaac.core.utils.prims has been deprecated in favor of isaacsim.core.utils.prims. Please update your code accordingly.
[2026-10-09 19:23:12,043][DEBUG] <PROJECT_ROOT>/internutopia_extension/robots/ur5e.py[line:791] -: ur5e franka_left_0: position    : [0.5   0.3   0.998]
[2026-10-09 19:23:12,043][DEBUG] <PROJECT_ROOT>/internutopia_extension/robots/ur5e.py[line:792] -: ur5e franka_left_0: orientation : [1. 0. 0. 0.]
[2026-10-09 19:23:12,043][DEBUG] <PROJECT_ROOT>/internutopia_extension/robots/ur5e.py[line:793] -: ur5e franka_left_0: usd_path    : <PROJECT_ROOT>/roboassemblybench/assets/Fabrica/fabrica_ur5e_cooling_optical_board_black_fullbundle_sdf001/assets/ur5e_robotiq_2f85_wrist_mount_task.usda
2026-10-09T11:23:12Z [16,137ms] [Warning] [omni.isaac.core.utils.stage] omni.isaac.core.utils.stage has been deprecated in favor of isaacsim.core.utils.stage. Please update your code accordingly.
[2026-10-09 19:23:12,100][DEBUG] <PROJECT_ROOT>/internutopia/core/robot/controller.py[line:138] -: [create_controllers] arm_ik_controller loaded
[2026-10-09 19:23:12,100][DEBUG] <PROJECT_ROOT>/internutopia/core/robot/controller.py[line:138] -: [create_controllers] arm_joint_controller loaded
[2026-10-09 19:23:12,100][DEBUG] <PROJECT_ROOT>/internutopia/core/robot/controller.py[line:138] -: [create_controllers] gripper_controller loaded
[2026-10-09 19:23:12,100][DEBUG] <PROJECT_ROOT>/internutopia/core/sensor/sensor.py[line:104] -: [create_sensors] third_person_front loaded
[2026-10-09 19:23:12,100][DEBUG] <PROJECT_ROOT>/internutopia/core/sensor/sensor.py[line:104] -: [create_sensors] left_wrist loaded
[2026-10-09 19:23:12,100][DEBUG] <PROJECT_ROOT>/internutopia/core/robot/robot.py[line:241] -: [create_robots] franka_left_0 loaded
[2026-10-09 19:23:12,100][DEBUG] <PROJECT_ROOT>/internutopia_extension/robots/ur5e.py[line:791] -: ur5e franka_right_0: position    : [ 0.58  -0.8    0.998]
[2026-10-09 19:23:12,100][DEBUG] <PROJECT_ROOT>/internutopia_extension/robots/ur5e.py[line:792] -: ur5e franka_right_0: orientation : [1. 0. 0. 0.]
[2026-10-09 19:23:12,100][DEBUG] <PROJECT_ROOT>/internutopia_extension/robots/ur5e.py[line:793] -: ur5e franka_right_0: usd_path    : <PROJECT_ROOT>/roboassemblybench/assets/Fabrica/fabrica_ur5e_cooling_optical_board_black_fullbundle_sdf001/assets/ur5e_robotiq_2f85_wrist_mount_task.usda
[2026-10-09 19:23:12,142][DEBUG] <PROJECT_ROOT>/internutopia/core/robot/controller.py[line:138] -: [create_controllers] arm_ik_controller loaded
[2026-10-09 19:23:12,142][DEBUG] <PROJECT_ROOT>/internutopia/core/robot/controller.py[line:138] -: [create_controllers] arm_joint_controller loaded
[2026-10-09 19:23:12,142][DEBUG] <PROJECT_ROOT>/internutopia/core/robot/controller.py[line:138] -: [create_controllers] gripper_controller loaded
[2026-10-09 19:23:12,142][DEBUG] <PROJECT_ROOT>/internutopia/core/sensor/sensor.py[line:104] -: [create_sensors] right_wrist loaded
[2026-10-09 19:23:12,142][DEBUG] <PROJECT_ROOT>/internutopia/core/robot/robot.py[line:241] -: [create_robots] franka_right_0 loaded
2026-10-09T11:23:12Z [16,236ms] [Warning] [omni.isaac.core.prims.base_sensor] omni.isaac.core.prims.base_sensor has been deprecated in favor of isaacsim.core.api.sensors.base_sensor. Please update your code accordingly.
2026-10-09T11:23:12Z [16,236ms] [Warning] [omni.isaac.core.prims.geometry_prim] omni.isaac.core.prims.geometry_prim.GeometryPrim has been deprecated in favor of isaacsim.core.prims.SingleGeometryPrim. Please update your code accordingly.
2026-10-09T11:23:12Z [16,236ms] [Warning] [omni.isaac.core.prims.geometry_prim_view] omni.isaac.core.prims.geometry_prim_view.GeometryPrimView has been deprecated in favor of isaacsim.core.prims.GeometryPrim Please update your code accordingly.
2026-10-09T11:23:12Z [16,237ms] [Warning] [omni.isaac.core.prims.rigid_contact_view] omni.isaac.core.prims.rigid_contact_view has been deprecated in favor of isaacsim.core.api.sensors.rigid_contact_view. Please update your code accordingly.
2026-10-09T11:23:12Z [16,237ms] [Warning] [omni.isaac.core.prims.rigid_prim] omni.isaac.core.prims.rigid_prim.RigidPrim has been deprecated in favor of isaacsim.core.prims.SingleRigidPrim. Please update your code accordingly.
2026-10-09T11:23:12Z [16,237ms] [Warning] [omni.isaac.core.prims.rigid_prim_view] omni.isaac.core.prims.rigid_prim_view.RigidPrimView has been deprecated in favor of isaacsim.core.prims.RigidPrim. Please update your code accordingly.
2026-10-09T11:23:12Z [16,237ms] [Warning] [omni.isaac.core.prims.soft.cloth_prim] omni.isaac.core.prims.soft.cloth_prim.ClothPrim has been deprecated in favor of isaacsim.core.prims.SingleClothPrim. Please update your code accordingly.
2026-10-09T11:23:12Z [16,237ms] [Warning] [omni.isaac.core.prims.soft.particle_system] omni.isaac.core.prims.soft.particle_system.ParticleSystem has been deprecated in favor of isaacsim.core.prims.SingleParticleSystem. Please update your code accordingly.
2026-10-09T11:23:12Z [16,237ms] [Warning] [omni.isaac.core.prims.soft.particle_system_view] omni.isaac.core.prims.soft.particle_system_view.ParticleSystemView has been deprecated in favor of isaacsim.core.prims.ParticleSystem. Please update your code accordingly.
2026-10-09T11:23:12Z [16,237ms] [Warning] [omni.isaac.core.prims.xform_prim] omni.isaac.core.prims.xform_prim.XFormPrim has been deprecated in favor of isaacsim.core.prims.SingleXFormPrim. Please update your code accordingly.
2026-10-09T11:23:12Z [16,237ms] [Warning] [omni.isaac.core.prims.xform_prim_view] omni.isaac.core.prims.xform_prim_view.XFormPrimView has been deprecated in favor of isaacsim.core.prims.XFormPrim. Please update your code accordingly.
[2026-10-09 19:23:12,257][DEBUG] <PROJECT_ROOT>/internutopia/core/object/object.py[line:60] -: [create_objects] optical_board_0 loaded
[2026-10-09 19:23:12,270][DEBUG] <PROJECT_ROOT>/internutopia/core/object/object.py[line:60] -: [create_objects] fabrica_fixture_0 loaded
[2026-10-09 19:23:12,279][DEBUG] <PROJECT_ROOT>/internutopia/core/object/object.py[line:60] -: [create_objects] fabrica_beam_0_0 loaded
[2026-10-09 19:23:12,287][DEBUG] <PROJECT_ROOT>/internutopia/core/object/object.py[line:60] -: [create_objects] fabrica_beam_1_0 loaded
[2026-10-09 19:23:12,296][DEBUG] <PROJECT_ROOT>/internutopia/core/object/object.py[line:60] -: [create_objects] fabrica_beam_2_0 loaded
[2026-10-09 19:23:12,304][DEBUG] <PROJECT_ROOT>/internutopia/core/object/object.py[line:60] -: [create_objects] fabrica_beam_3_0 loaded
[2026-10-09 19:23:12,313][DEBUG] <PROJECT_ROOT>/internutopia/core/object/object.py[line:60] -: [create_objects] fabrica_beam_6_0 loaded
2026-10-09T11:23:12Z [16,407ms] [Warning] [omni.isaac.core.objects.capsule] omni.isaac.core.objects.capsule has been deprecated in favor of isaacsim.core.api.objects.capsule. Please update your code accordingly.
2026-10-09T11:23:12Z [16,407ms] [Warning] [omni.isaac.core.objects.cone] omni.isaac.core.objects.cone has been deprecated in favor of isaacsim.core.api.objects.cone. Please update your code accordingly.
2026-10-09T11:23:12Z [16,407ms] [Warning] [omni.isaac.core.objects.cuboid] omni.isaac.core.objects.cuboid has been deprecated in favor of isaacsim.core.api.objects.cuboid. Please update your code accordingly.
2026-10-09T11:23:12Z [16,407ms] [Warning] [omni.isaac.core.objects.cylinder] omni.isaac.core.objects.cylinder has been deprecated in favor of isaacsim.core.api.objects.cylinder. Please update your code accordingly.
2026-10-09T11:23:12Z [16,407ms] [Warning] [omni.isaac.core.objects.ground_plane] omni.isaac.core.objects.ground_plane has been deprecated in favor of isaacsim.core.api.objects.ground_plane. Please update your code accordingly.
2026-10-09T11:23:12Z [16,407ms] [Warning] [omni.isaac.core.objects.sphere] omni.isaac.core.objects.sphere has been deprecated in favor of isaacsim.core.api.objects.sphere. Please update your code accordingly.
[2026-10-09 19:23:12,323][DEBUG] <PROJECT_ROOT>/internutopia/core/object/object.py[line:60] -: [create_objects] assembly_support_0 loaded
[2026-10-09 19:23:12,332][DEBUG] <PROJECT_ROOT>/internutopia/core/object/object.py[line:60] -: [create_objects] fixture_support_0 loaded
[2026-10-09 19:23:12,341][DEBUG] <PROJECT_ROOT>/internutopia/core/object/object.py[line:60] -: [create_objects] factory_tabletop_visual_0 loaded
[2026-10-09 19:23:12,346][DEBUG] <PROJECT_ROOT>/internutopia/core/object/object.py[line:60] -: [create_objects] factory_table_leg_front_left_0 loaded
[2026-10-09 19:23:12,351][DEBUG] <PROJECT_ROOT>/internutopia/core/object/object.py[line:60] -: [create_objects] factory_table_leg_front_right_0 loaded
[2026-10-09 19:23:12,356][DEBUG] <PROJECT_ROOT>/internutopia/core/object/object.py[line:60] -: [create_objects] factory_table_leg_back_left_0 loaded
[2026-10-09 19:23:12,362][DEBUG] <PROJECT_ROOT>/internutopia/core/object/object.py[line:60] -: [create_objects] factory_table_leg_back_right_0 loaded
[2026-10-09 19:23:12,371][DEBUG] <PROJECT_ROOT>/internutopia/core/object/object.py[line:60] -: [create_objects] taoyuan_left_buffer_0 loaded
[2026-10-09 19:23:12,380][DEBUG] <PROJECT_ROOT>/internutopia/core/object/object.py[line:60] -: [create_objects] taoyuan_right_buffer_0 loaded
2026-10-09T11:23:14Z [18,706ms] [Warning] [omni.fabric.plugin] Warning: attribute physics:body1 not found for path /World/env_0/robots/ur5e_left/joints/robot_gripper_joint

[2026-10-09 19:23:14,633][DEBUG] <PROJECT_ROOT>/internutopia_extension/sensors/rep_camera.py[line:97] -: ================ create camera ===============
[2026-10-09 19:23:14,633][DEBUG] <PROJECT_ROOT>/internutopia_extension/sensors/rep_camera.py[line:98] -: camera_prim_path: /World/env_0/cameras/third_person_front
[2026-10-09 19:23:14,633][DEBUG] <PROJECT_ROOT>/internutopia_extension/sensors/rep_camera.py[line:99] -: name            : third_person_front
[2026-10-09 19:23:14,633][DEBUG] <PROJECT_ROOT>/internutopia_extension/sensors/rep_camera.py[line:100] -: resolution      : (960, 540)
[2026-10-09 19:23:14,664][DEBUG] <PROJECT_ROOT>/internutopia_extension/sensors/rep_camera.py[line:97] -: ================ create camera ===============
[2026-10-09 19:23:14,664][DEBUG] <PROJECT_ROOT>/internutopia_extension/sensors/rep_camera.py[line:98] -: camera_prim_path: /World/env_0/robots/ur5e_left/wrist_3_link/left_wrist_camera
[2026-10-09 19:23:14,664][DEBUG] <PROJECT_ROOT>/internutopia_extension/sensors/rep_camera.py[line:99] -: name            : left_wrist
[2026-10-09 19:23:14,664][DEBUG] <PROJECT_ROOT>/internutopia_extension/sensors/rep_camera.py[line:100] -: resolution      : (640, 480)
[2026-10-09 19:23:14,686][INFO] <PROJECT_ROOT>/internutopia_extension/robots/ur5e.py[line:895] -: ur5e franka_left_0: using USD prim '/World/env_0/robots/ur5e_left/base_link' as IK base pose source.
[arm-drive-readback] robot=franka_left_0 {'configured': True, 'strict_request': True, 'kp_requested': 40000.0, 'kd_requested': 2000.0, 'joint_names': ['shoulder_pan_joint', 'shoulder_lift_joint', 'elbow_joint', 'wrist_1_joint', 'wrist_2_joint', 'wrist_3_joint'], 'errors': {}, 'gain_source': 'native_articulation_view', 'effort_source': 'native_articulation_view', 'changed_properties': ['stiffness', 'damping'], 'joint_indices': [0, 1, 2, 3, 4, 5], 'setter_completed': True, 'native_view_type': 'Articulation', 'physics_handle_valid': True, 'physics_handle_source': 'native_articulation_view.is_physics_handle_valid', 'kp_readback': [40000.0, 40000.0, 40000.0, 40000.0, 40000.0, 40000.0], 'kd_readback': [2000.0, 2000.0, 2000.0, 2000.0, 2000.0, 2000.0], 'gains_match': True, 'max_effort_readback': [150.0, 150.0, 150.0, 28.0, 28.0, 28.0], 'drive_types': [{'joint_name': 'shoulder_pan_joint', 'dof_index': 0, 'valid': True, 'source': 'existing_robot_joint_prim:UsdPhysics.DriveAPI(angular).GetTypeAttr', 'native_dof_name': 'shoulder_pan_joint', 'joint_prim_path': '/World/env_0/robots/ur5e_left/joints/shoulder_pan_joint', 'has_angular_drive_api': True, 'type': 'force'}, {'joint_name': 'shoulder_lift_joint', 'dof_index': 1, 'valid': True, 'source': 'existing_robot_joint_prim:UsdPhysics.DriveAPI(angular).GetTypeAttr', 'native_dof_name': 'shoulder_lift_joint', 'joint_prim_path': '/World/env_0/robots/ur5e_left/joints/shoulder_lift_joint', 'has_angular_drive_api': True, 'type': 'force'}, {'joint_name': 'elbow_joint', 'dof_index': 2, 'valid': True, 'source': 'existing_robot_joint_prim:UsdPhysics.DriveAPI(angular).GetTypeAttr', 'native_dof_name': 'elbow_joint', 'joint_prim_path': '/World/env_0/robots/ur5e_left/joints/elbow_joint', 'has_angular_drive_api': True, 'type': 'force'}, {'joint_name': 'wrist_1_joint', 'dof_index': 3, 'valid': True, 'source': 'existing_robot_joint_prim:UsdPhysics.DriveAPI(angular).GetTypeAttr', 'native_dof_name': 'wrist_1_joint', 'joint_prim_path': '/World/env_0/robots/ur5e_left/joints/wrist_1_joint', 'has_angular_drive_api': True, 'type': 'force'}, {'joint_name': 'wrist_2_joint', 'dof_index': 4, 'valid': True, 'source': 'existing_robot_joint_prim:UsdPhysics.DriveAPI(angular).GetTypeAttr', 'native_dof_name': 'wrist_2_joint', 'joint_prim_path': '/World/env_0/robots/ur5e_left/joints/wrist_2_joint', 'has_angular_drive_api': True, 'type': 'force'}, {'joint_name': 'wrist_3_joint', 'dof_index': 5, 'valid': True, 'source': 'existing_robot_joint_prim:UsdPhysics.DriveAPI(angular).GetTypeAttr', 'native_dof_name': 'wrist_3_joint', 'joint_prim_path': '/World/env_0/robots/ur5e_left/joints/wrist_3_joint', 'has_angular_drive_api': True, 'type': 'force'}]}
[gripper-drive-readback] robot=franka_left_0 {'configured': True, 'joint': 'finger_joint', 'kp_requested': 7500.0, 'kd_requested': 173.0, 'kp_readback': [[7500.0]], 'kd_readback': [[173.0]], 'max_effort_readback': [[26.0]], 'legacy_effort_setter_available': False}
[gripper-material-readback] robot=franka_left_0 {'requested_static_friction': 1.0, 'requested_dynamic_friction': 0.8, 'bound_finger_paths': ['/World/env_0/robots/ur5e_left/Gripper/Robotiq_2F_85/left_inner_finger', '/World/env_0/robots/ur5e_left/Gripper/Robotiq_2F_85/right_inner_finger'], 'binding_errors': [], 'combine_mode': 'max', 'material_path': '/World/Physics_Materials/franka_left_0_robotiq_high_friction', 'static_friction_readback': 1.0, 'dynamic_friction_readback': 0.800000011920929, 'collider_bindings': [{'collider': '/World/env_0/robots/ur5e_left/Gripper/Robotiq_2F_85/left_inner_finger/visuals/Defeatured_2F_85_PAD_OPEN_finger4step_01/Defeatured_2F_85_PAD_OPEN_finger4step', 'previous_material': '/World/Looks/World_env_0_robots_ur5e_left_robotiq_visible_fingertips', 'previous_static_friction': None, 'previous_dynamic_friction': None, 'material': '/World/Physics_Materials/franka_left_0_robotiq_high_friction', 'binding_prim': '/World/env_0/robots/ur5e_left/Gripper/Robotiq_2F_85/left_inner_finger/visuals/Defeatured_2F_85_PAD_OPEN_finger4step_01/Defeatured_2F_85_PAD_OPEN_finger4step'}, {'collider': '/World/env_0/robots/ur5e_left/Gripper/Robotiq_2F_85/left_inner_finger/visuals/Defeatured_2F_85_PAD_OPEN_fingertipsstep_01/Defeatured_2F_85_PAD_OPEN_fingertipsstep', 'previous_material': '/World/Looks/World_env_0_robots_ur5e_left_robotiq_visible_fingertips', 'previous_static_friction': None, 'previous_dynamic_friction': None, 'material': '/World/Physics_Materials/franka_left_0_robotiq_high_friction', 'binding_prim': '/World/env_0/robots/ur5e_left/Gripper/Robotiq_2F_85/left_inner_finger/visuals/Defeatured_2F_85_PAD_OPEN_fingertipsstep_01/Defeatured_2F_85_PAD_OPEN_fingertipsstep'}, {'collider': '/World/env_0/robots/ur5e_left/Gripper/Robotiq_2F_85/right_inner_finger/visuals/Defeatured_2F_85_PAD_OPEN_finger4step_01/Defeatured_2F_85_PAD_OPEN_finger4step', 'previous_material': '/World/Looks/World_env_0_robots_ur5e_left_robotiq_visible_fingertips', 'previous_static_friction': None, 'previous_dynamic_friction': None, 'material': '/World/Physics_Materials/franka_left_0_robotiq_high_friction', 'binding_prim': '/World/env_0/robots/ur5e_left/Gripper/Robotiq_2F_85/right_inner_finger/visuals/Defeatured_2F_85_PAD_OPEN_finger4step_01/Defeatured_2F_85_PAD_OPEN_finger4step'}, {'collider': '/World/env_0/robots/ur5e_left/Gripper/Robotiq_2F_85/right_inner_finger/visuals/Defeatured_2F_85_PAD_OPEN_fingertipsstep_01/Defeatured_2F_85_PAD_OPEN_fingertipsstep', 'previous_material': '/World/Looks/World_env_0_robots_ur5e_left_robotiq_visible_fingertips', 'previous_static_friction': None, 'previous_dynamic_friction': None, 'material': '/World/Physics_Materials/franka_left_0_robotiq_high_friction', 'binding_prim': '/World/env_0/robots/ur5e_left/Gripper/Robotiq_2F_85/right_inner_finger/visuals/Defeatured_2F_85_PAD_OPEN_fingertipsstep_01/Defeatured_2F_85_PAD_OPEN_fingertipsstep'}]}
[2026-10-09 19:23:14,695][DEBUG] <PROJECT_ROOT>/internutopia_extension/sensors/rep_camera.py[line:97] -: ================ create camera ===============
[2026-10-09 19:23:14,695][DEBUG] <PROJECT_ROOT>/internutopia_extension/sensors/rep_camera.py[line:98] -: camera_prim_path: /World/env_0/robots/ur5e_right/wrist_3_link/right_wrist_camera
[2026-10-09 19:23:14,696][DEBUG] <PROJECT_ROOT>/internutopia_extension/sensors/rep_camera.py[line:99] -: name            : right_wrist
[2026-10-09 19:23:14,696][DEBUG] <PROJECT_ROOT>/internutopia_extension/sensors/rep_camera.py[line:100] -: resolution      : (640, 480)
[2026-10-09 19:23:14,718][INFO] <PROJECT_ROOT>/internutopia_extension/robots/ur5e.py[line:895] -: ur5e franka_right_0: using USD prim '/World/env_0/robots/ur5e_right/base_link' as IK base pose source.
[arm-drive-readback] robot=franka_right_0 {'configured': True, 'strict_request': True, 'kp_requested': 40000.0, 'kd_requested': 2000.0, 'joint_names': ['shoulder_pan_joint', 'shoulder_lift_joint', 'elbow_joint', 'wrist_1_joint', 'wrist_2_joint', 'wrist_3_joint'], 'errors': {}, 'gain_source': 'native_articulation_view', 'effort_source': 'native_articulation_view', 'changed_properties': ['stiffness', 'damping'], 'joint_indices': [0, 1, 2, 3, 4, 5], 'setter_completed': True, 'native_view_type': 'Articulation', 'physics_handle_valid': True, 'physics_handle_source': 'native_articulation_view.is_physics_handle_valid', 'kp_readback': [40000.0, 40000.0, 40000.0, 40000.0, 40000.0, 40000.0], 'kd_readback': [2000.0, 2000.0, 2000.0, 2000.0, 2000.0, 2000.0], 'gains_match': True, 'max_effort_readback': [150.0, 150.0, 150.0, 28.0, 28.0, 28.0], 'drive_types': [{'joint_name': 'shoulder_pan_joint', 'dof_index': 0, 'valid': True, 'source': 'existing_robot_joint_prim:UsdPhysics.DriveAPI(angular).GetTypeAttr', 'native_dof_name': 'shoulder_pan_joint', 'joint_prim_path': '/World/env_0/robots/ur5e_right/joints/shoulder_pan_joint', 'has_angular_drive_api': True, 'type': 'force'}, {'joint_name': 'shoulder_lift_joint', 'dof_index': 1, 'valid': True, 'source': 'existing_robot_joint_prim:UsdPhysics.DriveAPI(angular).GetTypeAttr', 'native_dof_name': 'shoulder_lift_joint', 'joint_prim_path': '/World/env_0/robots/ur5e_right/joints/shoulder_lift_joint', 'has_angular_drive_api': True, 'type': 'force'}, {'joint_name': 'elbow_joint', 'dof_index': 2, 'valid': True, 'source': 'existing_robot_joint_prim:UsdPhysics.DriveAPI(angular).GetTypeAttr', 'native_dof_name': 'elbow_joint', 'joint_prim_path': '/World/env_0/robots/ur5e_right/joints/elbow_joint', 'has_angular_drive_api': True, 'type': 'force'}, {'joint_name': 'wrist_1_joint', 'dof_index': 3, 'valid': True, 'source': 'existing_robot_joint_prim:UsdPhysics.DriveAPI(angular).GetTypeAttr', 'native_dof_name': 'wrist_1_joint', 'joint_prim_path': '/World/env_0/robots/ur5e_right/joints/wrist_1_joint', 'has_angular_drive_api': True, 'type': 'force'}, {'joint_name': 'wrist_2_joint', 'dof_index': 4, 'valid': True, 'source': 'existing_robot_joint_prim:UsdPhysics.DriveAPI(angular).GetTypeAttr', 'native_dof_name': 'wrist_2_joint', 'joint_prim_path': '/World/env_0/robots/ur5e_right/joints/wrist_2_joint', 'has_angular_drive_api': True, 'type': 'force'}, {'joint_name': 'wrist_3_joint', 'dof_index': 5, 'valid': True, 'source': 'existing_robot_joint_prim:UsdPhysics.DriveAPI(angular).GetTypeAttr', 'native_dof_name': 'wrist_3_joint', 'joint_prim_path': '/World/env_0/robots/ur5e_right/joints/wrist_3_joint', 'has_angular_drive_api': True, 'type': 'force'}]}
[gripper-drive-readback] robot=franka_right_0 {'configured': True, 'joint': 'finger_joint', 'kp_requested': 7500.0, 'kd_requested': 173.0, 'kp_readback': [[7500.0]], 'kd_readback': [[173.0]], 'max_effort_readback': [[26.0]], 'legacy_effort_setter_available': False}
[gripper-material-readback] robot=franka_right_0 {'requested_static_friction': 1.0, 'requested_dynamic_friction': 0.8, 'bound_finger_paths': ['/World/env_0/robots/ur5e_right/Gripper/Robotiq_2F_85/left_inner_finger', '/World/env_0/robots/ur5e_right/Gripper/Robotiq_2F_85/right_inner_finger'], 'binding_errors': [], 'combine_mode': 'max', 'material_path': '/World/Physics_Materials/franka_right_0_robotiq_high_friction', 'static_friction_readback': 1.0, 'dynamic_friction_readback': 0.800000011920929, 'collider_bindings': [{'collider': '/World/env_0/robots/ur5e_right/Gripper/Robotiq_2F_85/left_inner_finger/visuals/Defeatured_2F_85_PAD_OPEN_finger4step_01/Defeatured_2F_85_PAD_OPEN_finger4step', 'previous_material': '/World/Looks/World_env_0_robots_ur5e_right_robotiq_visible_fingertips', 'previous_static_friction': None, 'previous_dynamic_friction': None, 'material': '/World/Physics_Materials/franka_right_0_robotiq_high_friction', 'binding_prim': '/World/env_0/robots/ur5e_right/Gripper/Robotiq_2F_85/left_inner_finger/visuals/Defeatured_2F_85_PAD_OPEN_finger4step_01/Defeatured_2F_85_PAD_OPEN_finger4step'}, {'collider': '/World/env_0/robots/ur5e_right/Gripper/Robotiq_2F_85/left_inner_finger/visuals/Defeatured_2F_85_PAD_OPEN_fingertipsstep_01/Defeatured_2F_85_PAD_OPEN_fingertipsstep', 'previous_material': '/World/Looks/World_env_0_robots_ur5e_right_robotiq_visible_fingertips', 'previous_static_friction': None, 'previous_dynamic_friction': None, 'material': '/World/Physics_Materials/franka_right_0_robotiq_high_friction', 'binding_prim': '/World/env_0/robots/ur5e_right/Gripper/Robotiq_2F_85/left_inner_finger/visuals/Defeatured_2F_85_PAD_OPEN_fingertipsstep_01/Defeatured_2F_85_PAD_OPEN_fingertipsstep'}, {'collider': '/World/env_0/robots/ur5e_right/Gripper/Robotiq_2F_85/right_inner_finger/visuals/Defeatured_2F_85_PAD_OPEN_finger4step_01/Defeatured_2F_85_PAD_OPEN_finger4step', 'previous_material': '/World/Looks/World_env_0_robots_ur5e_right_robotiq_visible_fingertips', 'previous_static_friction': None, 'previous_dynamic_friction': None, 'material': '/World/Physics_Materials/franka_right_0_robotiq_high_friction', 'binding_prim': '/World/env_0/robots/ur5e_right/Gripper/Robotiq_2F_85/right_inner_finger/visuals/Defeatured_2F_85_PAD_OPEN_finger4step_01/Defeatured_2F_85_PAD_OPEN_finger4step'}, {'collider': '/World/env_0/robots/ur5e_right/Gripper/Robotiq_2F_85/right_inner_finger/visuals/Defeatured_2F_85_PAD_OPEN_fingertipsstep_01/Defeatured_2F_85_PAD_OPEN_fingertipsstep', 'previous_material': '/World/Looks/World_env_0_robots_ur5e_right_robotiq_visible_fingertips', 'previous_static_friction': None, 'previous_dynamic_friction': None, 'material': '/World/Physics_Materials/franka_right_0_robotiq_high_friction', 'binding_prim': '/World/env_0/robots/ur5e_right/Gripper/Robotiq_2F_85/right_inner_finger/visuals/Defeatured_2F_85_PAD_OPEN_fingertipsstep_01/Defeatured_2F_85_PAD_OPEN_fingertipsstep'}]}
[2026-10-09 19:23:14,728][INFO] <PROJECT_ROOT>/internutopia/core/runner.py[line:457] -: ===================== episodes ========================
[2026-10-09 19:23:14,728][INFO] <PROJECT_ROOT>/internutopia/core/runner.py[line:459] -: Next episode: 0 at 0
[2026-10-09 19:23:14,728][INFO] <PROJECT_ROOT>/internutopia/core/runner.py[line:460] -: ======================================================
2026-10-09T11:23:14Z [18,867ms] [Warning] [omni.physx.plugin] The rigid body at /World/env_0/objects/factory_table_leg_front_left has a possibly invalid inertia tensor of {1.0, 1.0, 1.0} and a negative mass, small sphere approximated inertia was used. Either specify correct values in the mass properties, or add collider(s) to any shape(s) that you wish to automatically compute mass properties for.
2026-10-09T11:23:14Z [18,877ms] [Warning] [omni.physx.plugin] The rigid body at /World/env_0/objects/factory_table_leg_front_right has a possibly invalid inertia tensor of {1.0, 1.0, 1.0} and a negative mass, small sphere approximated inertia was used. Either specify correct values in the mass properties, or add collider(s) to any shape(s) that you wish to automatically compute mass properties for.
2026-10-09T11:23:14Z [18,887ms] [Warning] [omni.physx.plugin] The rigid body at /World/env_0/objects/factory_table_leg_back_left has a possibly invalid inertia tensor of {1.0, 1.0, 1.0} and a negative mass, small sphere approximated inertia was used. Either specify correct values in the mass properties, or add collider(s) to any shape(s) that you wish to automatically compute mass properties for.
2026-10-09T11:23:14Z [18,897ms] [Warning] [omni.physx.plugin] The rigid body at /World/env_0/objects/factory_table_leg_back_right has a possibly invalid inertia tensor of {1.0, 1.0, 1.0} and a negative mass, small sphere approximated inertia was used. Either specify correct values in the mass properties, or add collider(s) to any shape(s) that you wish to automatically compute mass properties for.
2026-10-09T11:23:14Z [18,920ms] [Warning] [omni.isaac.core.utils.numpy.maths] omni.isaac.core.utils.numpy.maths has been deprecated in favor of isaacsim.core.utils.numpy.maths. Please update your code accordingly.
2026-10-09T11:23:14Z [18,921ms] [Warning] [omni.isaac.core.utils.numpy.rotations] omni.isaac.core.utils.numpy.rotations has been deprecated in favor of isaacsim.core.utils.numpy.rotations. Please update your code accordingly.
2026-10-09T11:23:14Z [18,921ms] [Warning] [omni.isaac.core.utils.numpy.tensor] omni.isaac.core.utils.numpy.tensor has been deprecated in favor of isaacsim.core.utils.numpy.tensor. Please update your code accordingly.
2026-10-09T11:23:14Z [18,921ms] [Warning] [omni.isaac.core.utils.numpy.transformations] omni.isaac.core.utils.numpy.transformations has been deprecated in favor of isaacsim.core.utils.numpy.transformations. Please update your code accordingly.
[rollout-progress] event=loop_enter task=0 step=0
[rollout-progress] event=step_complete task=0 step=1 phase=fixture_parts_settle phase_index=0 phase_step=2 step_wall_seconds=0.118 average_steps_per_second=6.485
[rollout-progress] event=step_complete task=0 step=2 phase=fixture_parts_settle phase_index=0 phase_step=3 step_wall_seconds=0.036 average_steps_per_second=10.485
[rollout-progress] event=step_complete task=0 step=3 phase=fixture_parts_settle phase_index=0 phase_step=4 step_wall_seconds=0.037 average_steps_per_second=13.192
[rollout-progress] event=step_complete task=0 step=4 phase=fixture_parts_settle phase_index=0 phase_step=5 step_wall_seconds=0.037 average_steps_per_second=15.116
[rollout-progress] event=step_complete task=0 step=5 phase=fixture_parts_settle phase_index=0 phase_step=6 step_wall_seconds=0.038 average_steps_per_second=16.504
2026-10-09T11:23:15Z [19,255ms] [Warning] [usdrt.population.plugin] [UsdNoticeHandler] Unhandled attribute type VtArray<std::string> (prim attribute: omni:rtx:material:db:flattener:transmittance_color)
2026-10-09T11:23:15Z [19,255ms] [Warning] [usdrt.population.plugin] [UsdNoticeHandler] Unhandled attribute type VtArray<std::string> (prim attribute: omni:rtx:material:db:flattener:reflection_roughness_constant)
2026-10-09T11:23:15Z [19,255ms] [Warning] [usdrt.population.plugin] [UsdNoticeHandler] Unhandled attribute type VtArray<std::string> (prim attribute: omni:rtx:material:db:flattener:ior_constant)
2026-10-09T11:23:15Z [19,347ms] [Warning] [omni.fabric.plugin] getAttributeCount called on non-existent path /World/env_0/robots/ur5e_right/wrist_3_link/visuals/wrist3
2026-10-09T11:23:15Z [19,347ms] [Warning] [omni.fabric.plugin] getTypes called on non-existent path /World/env_0/robots/ur5e_right/wrist_3_link/visuals/wrist3
2026-10-09T11:23:21Z [25,645ms] [Warning] [rtx.postprocessing.plugin] DLSS increasing input dimensions: Render resolution of (480, 270) is below minimal input resolution of 300.
2026-10-09T11:23:22Z [26,290ms] [Warning] [omni.syntheticdata.plugin] OgnSdPostRenderVarToHost : rendervar copy from texture directly to host buffer is counter-performant. Please use copy from texture to device buffer first.
[rollout-progress] event=step_complete task=0 step=60 phase=fixture_parts_settle phase_index=0 phase_step=61 step_wall_seconds=0.084 average_steps_per_second=5.201
[rollout-progress] event=step_complete task=0 step=120 phase=base_6_move_above phase_index=1 phase_step=25 step_wall_seconds=0.082 average_steps_per_second=7.189
[rollout-progress] event=step_complete task=0 step=180 phase=base_6_move_above phase_index=1 phase_step=85 step_wall_seconds=0.079 average_steps_per_second=8.141
2026-10-09T11:23:41Z [45,248ms] [Warning] [carb] Client gpu.foundation.plugin has acquired [gpu::unstable::IMemoryBudgetManagerFactory v0.1] 100 times. Consider accessing this interface with carb::getCachedInterface() (Performance warning)
[rollout-progress] event=step_complete task=0 step=240 phase=base_6_move_above phase_index=1 phase_step=145 step_wall_seconds=0.081 average_steps_per_second=8.788
[rollout-progress] event=step_complete task=0 step=300 phase=base_6_move_above phase_index=1 phase_step=205 step_wall_seconds=0.077 average_steps_per_second=9.179
[rollout-progress] event=step_complete task=0 step=360 phase=base_6_move_above phase_index=1 phase_step=265 step_wall_seconds=0.077 average_steps_per_second=9.516
[rollout-progress] event=step_complete task=0 step=420 phase=base_6_move_above phase_index=1 phase_step=325 step_wall_seconds=0.079 average_steps_per_second=9.712
[rollout-progress] event=step_complete task=0 step=480 phase=base_6_move_above phase_index=1 phase_step=385 step_wall_seconds=0.141 average_steps_per_second=9.905
[rollout-progress] event=step_complete task=0 step=540 phase=base_6_descend phase_index=3 phase_step=10 step_wall_seconds=0.079 average_steps_per_second=10.037
[rollout-progress] event=step_complete task=0 step=600 phase=base_6_descend phase_index=3 phase_step=70 step_wall_seconds=0.078 average_steps_per_second=10.175
[rollout-progress] event=step_complete task=0 step=660 phase=base_6_descend phase_index=3 phase_step=130 step_wall_seconds=0.080 average_steps_per_second=10.253
[rollout-progress] event=step_complete task=0 step=720 phase=base_6_descend phase_index=3 phase_step=190 step_wall_seconds=0.077 average_steps_per_second=10.357
[rollout-progress] event=step_complete task=0 step=780 phase=base_6_descend phase_index=3 phase_step=250 step_wall_seconds=0.078 average_steps_per_second=10.415
[rollout-progress] event=step_complete task=0 step=840 phase=base_6_close_and_attach phase_index=4 phase_step=57 step_wall_seconds=0.080 average_steps_per_second=10.471
2026-10-09T11:24:37Z [102,093ms] [Warning] [omni.hydra] Mesh '/World/env_0/robots/ur5e_right/Gripper/Robotiq_2F_85/left_inner_finger/visuals/Defeatured_2F_85_PAD_OPEN_fingertipsstep_01/Defeatured_2F_85_PAD_OPEN_fingertipsstep' update topology/point without updating normal, fallback to smooth normal.
[rollout-progress] event=step_complete task=0 step=900 phase=base_6_close_and_attach phase_index=4 phase_step=117 step_wall_seconds=0.100 average_steps_per_second=10.391
[rollout-progress] event=step_complete task=0 step=960 phase=base_6_close_and_attach phase_index=4 phase_step=177 step_wall_seconds=0.158 average_steps_per_second=10.357
[rollout-progress] event=step_complete task=0 step=1020 phase=base_6_close_and_attach phase_index=4 phase_step=237 step_wall_seconds=0.090 average_steps_per_second=10.323
[rollout-progress] event=step_complete task=0 step=1080 phase=base_6_close_and_attach phase_index=4 phase_step=297 step_wall_seconds=0.088 average_steps_per_second=10.305
[rollout-progress] event=step_complete task=0 step=1140 phase=base_6_close_and_attach phase_index=4 phase_step=357 step_wall_seconds=0.092 average_steps_per_second=10.272
[rollout-progress] event=step_complete task=0 step=1200 phase=base_6_close_and_attach phase_index=4 phase_step=417 step_wall_seconds=0.091 average_steps_per_second=10.249
[rollout-progress] event=step_complete task=0 step=1260 phase=base_6_close_and_attach phase_index=4 phase_step=477 step_wall_seconds=0.092 average_steps_per_second=10.216
[rollout-progress] event=step_complete task=0 step=1320 phase=base_6_close_and_attach phase_index=4 phase_step=537 step_wall_seconds=0.090 average_steps_per_second=10.198
[rollout-progress] event=step_complete task=0 step=1380 phase=base_6_close_and_attach phase_index=4 phase_step=597 step_wall_seconds=0.138 average_steps_per_second=10.150
[rollout-progress] event=step_complete task=0 step=1440 phase=base_6_close_and_attach phase_index=4 phase_step=657 step_wall_seconds=0.222 average_steps_per_second=9.899
[rollout-progress] event=step_complete task=0 step=1500 phase=base_6_grip_settle phase_index=5 phase_step=56 step_wall_seconds=0.137 average_steps_per_second=9.681
[rollout-progress] event=step_complete task=0 step=1560 phase=base_6_peel_lift phase_index=6 phase_step=44 step_wall_seconds=0.153 average_steps_per_second=9.460
[rollout-progress] event=step_complete task=0 step=1620 phase=base_6_peel_lift phase_index=6 phase_step=104 step_wall_seconds=0.152 average_steps_per_second=9.238
[rollout-progress] event=step_complete task=0 step=1680 phase=base_6_peel_lift phase_index=6 phase_step=164 step_wall_seconds=0.152 average_steps_per_second=9.050
[rollout-progress] event=step_complete task=0 step=1740 phase=base_6_peel_lift phase_index=6 phase_step=224 step_wall_seconds=0.147 average_steps_per_second=8.877
[rollout-progress] event=step_complete task=0 step=1800 phase=base_6_peel_lift phase_index=6 phase_step=284 step_wall_seconds=0.152 average_steps_per_second=8.726
[rollout-progress] event=step_complete task=0 step=1860 phase=base_6_peel_lift phase_index=6 phase_step=344 step_wall_seconds=0.149 average_steps_per_second=8.601
[rollout-progress] event=step_complete task=0 step=1920 phase=base_6_peel_lift phase_index=6 phase_step=404 step_wall_seconds=0.231 average_steps_per_second=8.482
[rollout-progress] event=step_complete task=0 step=1980 phase=base_6_grip_contact_prime phase_index=7 phase_step=14 step_wall_seconds=0.140 average_steps_per_second=8.371
[rollout-progress] event=step_complete task=0 step=2040 phase=base_6_peel_physical_hold_check phase_index=8 phase_step=2 step_wall_seconds=0.142 average_steps_per_second=8.290
[rollout-progress] event=step_complete task=0 step=2100 phase=base_6_peel_physical_hold_check phase_index=8 phase_step=62 step_wall_seconds=0.134 average_steps_per_second=8.227
[rollout-progress] event=step_complete task=0 step=2160 phase=base_6_lift phase_index=9 phase_step=26 step_wall_seconds=0.148 average_steps_per_second=8.156
[rollout-progress] event=step_complete task=0 step=2220 phase=base_6_lift phase_index=9 phase_step=86 step_wall_seconds=0.138 average_steps_per_second=8.075
[rollout-progress] event=step_complete task=0 step=2280 phase=base_6_lift phase_index=9 phase_step=146 step_wall_seconds=0.152 average_steps_per_second=8.019
[rollout-progress] event=step_complete task=0 step=2340 phase=base_6_lift phase_index=9 phase_step=206 step_wall_seconds=0.146 average_steps_per_second=7.948
[rollout-progress] event=step_complete task=0 step=2400 phase=base_6_lift phase_index=9 phase_step=266 step_wall_seconds=0.227 average_steps_per_second=7.891
[rollout-progress] event=step_complete task=0 step=2460 phase=base_6_lift phase_index=9 phase_step=326 step_wall_seconds=0.136 average_steps_per_second=7.847
[rollout-progress] event=step_complete task=0 step=2520 phase=base_6_lift phase_index=9 phase_step=386 step_wall_seconds=0.144 average_steps_per_second=7.798
[rollout-progress] event=step_complete task=0 step=2580 phase=base_6_lift phase_index=9 phase_step=446 step_wall_seconds=0.135 average_steps_per_second=7.745
[rollout-progress] event=step_complete task=0 step=2640 phase=base_6_lift phase_index=9 phase_step=506 step_wall_seconds=0.142 average_steps_per_second=7.712
[rollout-progress] event=step_complete task=0 step=2700 phase=base_6_lift phase_index=9 phase_step=566 step_wall_seconds=0.143 average_steps_per_second=7.665
[rollout-progress] event=step_complete task=0 step=2760 phase=base_6_lift phase_index=9 phase_step=626 step_wall_seconds=0.133 average_steps_per_second=7.638
[rollout-progress] event=step_complete task=0 step=2820 phase=base_6_lift phase_index=9 phase_step=686 step_wall_seconds=0.137 average_steps_per_second=7.595
[rollout-progress] event=step_complete task=0 step=2880 phase=base_6_lift phase_index=9 phase_step=746 step_wall_seconds=0.214 average_steps_per_second=7.571
[rollout-progress] event=step_complete task=0 step=2940 phase=base_6_lift phase_index=9 phase_step=806 step_wall_seconds=0.132 average_steps_per_second=7.536
[rollout-progress] event=step_complete task=0 step=3000 phase=base_6_lift phase_index=9 phase_step=866 step_wall_seconds=0.137 average_steps_per_second=7.515
[rollout-progress] event=step_complete task=0 step=3060 phase=base_6_lift phase_index=9 phase_step=926 step_wall_seconds=0.133 average_steps_per_second=7.480
[rollout-progress] event=step_complete task=0 step=3120 phase=base_6_lift phase_index=9 phase_step=986 step_wall_seconds=0.132 average_steps_per_second=7.461
[rollout-progress] event=step_complete task=0 step=3180 phase=base_6_lift phase_index=9 phase_step=1046 step_wall_seconds=0.136 average_steps_per_second=7.430
[rollout-progress] event=step_complete task=0 step=3240 phase=base_6_lift phase_index=9 phase_step=1106 step_wall_seconds=0.134 average_steps_per_second=7.413
[rollout-progress] event=step_complete task=0 step=3300 phase=base_6_lift phase_index=9 phase_step=1166 step_wall_seconds=0.133 average_steps_per_second=7.385
[rollout-progress] event=step_complete task=0 step=3360 phase=base_6_lift phase_index=9 phase_step=1226 step_wall_seconds=0.219 average_steps_per_second=7.370
[rollout-progress] event=step_complete task=0 step=3420 phase=base_6_lift phase_index=9 phase_step=1286 step_wall_seconds=0.132 average_steps_per_second=7.343
[rollout-progress] event=step_complete task=0 step=3480 phase=base_6_lift phase_index=9 phase_step=1346 step_wall_seconds=0.131 average_steps_per_second=7.329
[rollout-progress] event=step_complete task=0 step=3540 phase=base_6_post_lift_restore_gravity phase_index=10 phase_step=31 step_wall_seconds=0.131 average_steps_per_second=7.304
[rollout-progress] event=step_complete task=0 step=3600 phase=base_6_assembly_clearance phase_index=11 phase_step=43 step_wall_seconds=0.139 average_steps_per_second=7.292
[rollout-progress] event=step_complete task=0 step=3660 phase=base_6_assembly_clearance phase_index=11 phase_step=103 step_wall_seconds=0.139 average_steps_per_second=7.266
[rollout-progress] event=step_complete task=0 step=3720 phase=base_6_assembly_clearance phase_index=11 phase_step=163 step_wall_seconds=0.142 average_steps_per_second=7.254
[rollout-progress] event=step_complete task=0 step=3780 phase=base_6_assembly_clearance phase_index=11 phase_step=223 step_wall_seconds=0.142 average_steps_per_second=7.240
[rollout-progress] event=step_complete task=0 step=3840 phase=base_6_assembly_clearance phase_index=11 phase_step=283 step_wall_seconds=0.220 average_steps_per_second=7.221
[rollout-progress] event=step_complete task=0 step=3900 phase=base_6_assembly_clearance phase_index=11 phase_step=343 step_wall_seconds=0.136 average_steps_per_second=7.208
[rollout-progress] event=step_complete task=0 step=3960 phase=base_6_assembly_clearance phase_index=11 phase_step=403 step_wall_seconds=0.138 average_steps_per_second=7.189
[rollout-progress] event=step_complete task=0 step=4020 phase=base_6_assembly_clearance phase_index=11 phase_step=463 step_wall_seconds=0.136 average_steps_per_second=7.176
[rollout-progress] event=step_complete task=0 step=4080 phase=base_6_assembly_clearance phase_index=11 phase_step=523 step_wall_seconds=0.138 average_steps_per_second=7.168
[rollout-progress] event=step_complete task=0 step=4140 phase=base_6_assembly_clearance phase_index=11 phase_step=583 step_wall_seconds=0.138 average_steps_per_second=7.147
[rollout-progress] event=step_complete task=0 step=4200 phase=base_6_assembly_clearance phase_index=11 phase_step=643 step_wall_seconds=0.137 average_steps_per_second=7.139
[rollout-progress] event=step_complete task=0 step=4260 phase=base_6_assembly_clearance phase_index=11 phase_step=703 step_wall_seconds=0.137 average_steps_per_second=7.118
[rollout-progress] event=step_complete task=0 step=4320 phase=base_6_assembly_clearance phase_index=11 phase_step=763 step_wall_seconds=0.220 average_steps_per_second=7.110
[rollout-progress] event=step_complete task=0 step=4380 phase=base_6_assembly_clearance phase_index=11 phase_step=823 step_wall_seconds=0.138 average_steps_per_second=7.102
[rollout-progress] event=step_complete task=0 step=4440 phase=base_6_assembly_clearance phase_index=11 phase_step=883 step_wall_seconds=0.141 average_steps_per_second=7.086
[rollout-progress] event=step_complete task=0 step=4500 phase=base_6_assembly_clearance phase_index=11 phase_step=943 step_wall_seconds=0.143 average_steps_per_second=7.076
[rollout-progress] event=step_complete task=0 step=4560 phase=base_6_assembly_clearance phase_index=11 phase_step=1003 step_wall_seconds=0.139 average_steps_per_second=7.070
[rollout-progress] event=step_complete task=0 step=4620 phase=base_6_assembly_clearance phase_index=11 phase_step=1063 step_wall_seconds=0.140 average_steps_per_second=7.053
[rollout-progress] event=step_complete task=0 step=4680 phase=base_6_assembly_clearance phase_index=11 phase_step=1123 step_wall_seconds=0.144 average_steps_per_second=7.047
[rollout-progress] event=step_complete task=0 step=4740 phase=base_6_assembly_clearance phase_index=11 phase_step=1183 step_wall_seconds=0.135 average_steps_per_second=7.039
[rollout-progress] event=step_complete task=0 step=4800 phase=base_6_assembly_clearance phase_index=11 phase_step=1243 step_wall_seconds=0.222 average_steps_per_second=7.023
[rollout-progress] event=step_complete task=0 step=4860 phase=base_6_assembly_clearance phase_index=11 phase_step=1303 step_wall_seconds=0.138 average_steps_per_second=7.017
[rollout-progress] event=step_complete task=0 step=4920 phase=base_6_assembly_clearance phase_index=11 phase_step=1363 step_wall_seconds=0.139 average_steps_per_second=7.012
[rollout-progress] event=step_complete task=0 step=4980 phase=base_6_assembly_clearance phase_index=11 phase_step=1423 step_wall_seconds=0.138 average_steps_per_second=6.995
[rollout-progress] event=step_complete task=0 step=5040 phase=base_6_assembly_clearance phase_index=11 phase_step=1483 step_wall_seconds=0.137 average_steps_per_second=6.991
[rollout-progress] event=step_complete task=0 step=5100 phase=base_6_assembly_clearance phase_index=11 phase_step=1543 step_wall_seconds=0.141 average_steps_per_second=6.984
[rollout-progress] event=step_complete task=0 step=5160 phase=base_6_assembly_clearance phase_index=11 phase_step=1603 step_wall_seconds=0.137 average_steps_per_second=6.979
[rollout-progress] event=step_complete task=0 step=5220 phase=base_6_assembly_clearance phase_index=11 phase_step=1663 step_wall_seconds=0.136 average_steps_per_second=6.965
[rollout-progress] event=step_complete task=0 step=5280 phase=base_6_assembly_clearance phase_index=11 phase_step=1723 step_wall_seconds=0.219 average_steps_per_second=6.961
[rollout-progress] event=step_complete task=0 step=5340 phase=base_6_assembly_clearance phase_index=11 phase_step=1783 step_wall_seconds=0.140 average_steps_per_second=6.956
[rollout-progress] event=step_complete task=0 step=5400 phase=base_6_assembly_clearance phase_index=11 phase_step=1843 step_wall_seconds=0.135 average_steps_per_second=6.942
[rollout-progress] event=step_complete task=0 step=5460 phase=base_6_assembly_clearance phase_index=11 phase_step=1903 step_wall_seconds=0.140 average_steps_per_second=6.937
[rollout-progress] event=step_complete task=0 step=5520 phase=base_6_assembly_clearance phase_index=11 phase_step=1963 step_wall_seconds=0.139 average_steps_per_second=6.934
[rollout-progress] event=step_complete task=0 step=5580 phase=base_6_assembly_clearance phase_index=11 phase_step=2023 step_wall_seconds=0.135 average_steps_per_second=6.929
[rollout-progress] event=step_complete task=0 step=5640 phase=base_6_assembly_clearance phase_index=11 phase_step=2083 step_wall_seconds=0.135 average_steps_per_second=6.917
[rollout-progress] event=step_complete task=0 step=5700 phase=base_6_assembly_clearance phase_index=11 phase_step=2143 step_wall_seconds=0.154 average_steps_per_second=6.912
[rollout-progress] event=step_complete task=0 step=5760 phase=base_6_assembly_clearance phase_index=11 phase_step=2203 step_wall_seconds=0.220 average_steps_per_second=6.908
[rollout-progress] event=step_complete task=0 step=5820 phase=base_6_assembly_clearance phase_index=11 phase_step=2263 step_wall_seconds=0.136 average_steps_per_second=6.895
[rollout-progress] event=step_complete task=0 step=5880 phase=base_6_assembly_clearance phase_index=11 phase_step=2323 step_wall_seconds=0.137 average_steps_per_second=6.892
[rollout-progress] event=step_complete task=0 step=5940 phase=base_6_assembly_clearance phase_index=11 phase_step=2383 step_wall_seconds=0.141 average_steps_per_second=6.886
[rollout-progress] event=step_complete task=0 step=6000 phase=base_6_assembly_clearance phase_index=11 phase_step=2443 step_wall_seconds=0.136 average_steps_per_second=6.883
[rollout-progress] event=step_complete task=0 step=6060 phase=base_6_assembly_clearance phase_index=11 phase_step=2503 step_wall_seconds=0.136 average_steps_per_second=6.870
[rollout-progress] event=step_complete task=0 step=6120 phase=base_6_assembly_clearance phase_index=11 phase_step=2563 step_wall_seconds=0.136 average_steps_per_second=6.867
[rollout-progress] event=step_complete task=0 step=6180 phase=base_6_assembly_clearance phase_index=11 phase_step=2623 step_wall_seconds=0.139 average_steps_per_second=6.862
[rollout-progress] event=step_complete task=0 step=6240 phase=base_6_assembly_clearance phase_index=11 phase_step=2683 step_wall_seconds=0.226 average_steps_per_second=6.859
[rollout-progress] event=step_complete task=0 step=6300 phase=base_6_assembly_clearance phase_index=11 phase_step=2743 step_wall_seconds=0.140 average_steps_per_second=6.847
[rollout-progress] event=step_complete task=0 step=6360 phase=base_6_assembly_clearance phase_index=11 phase_step=2803 step_wall_seconds=0.152 average_steps_per_second=6.843
[rollout-progress] event=step_complete task=0 step=6420 phase=base_6_assembly_clearance phase_index=11 phase_step=2863 step_wall_seconds=0.144 average_steps_per_second=6.836
[rollout-progress] event=step_complete task=0 step=6480 phase=base_6_assembly_clearance phase_index=11 phase_step=2923 step_wall_seconds=0.139 average_steps_per_second=6.833
[rollout-progress] event=step_complete task=0 step=6540 phase=base_6_assembly_clearance phase_index=11 phase_step=2983 step_wall_seconds=0.137 average_steps_per_second=6.821
[rollout-progress] event=step_complete task=0 step=6600 phase=base_6_assembly_clearance phase_index=11 phase_step=3043 step_wall_seconds=0.139 average_steps_per_second=6.818
[rollout-progress] event=step_complete task=0 step=6660 phase=base_6_assembly_clearance phase_index=11 phase_step=3103 step_wall_seconds=0.142 average_steps_per_second=6.815
[rollout-progress] event=step_complete task=0 step=6720 phase=base_6_assembly_clearance phase_index=11 phase_step=3163 step_wall_seconds=0.217 average_steps_per_second=6.813
[rollout-progress] event=step_complete task=0 step=6780 phase=base_6_assembly_clearance phase_index=11 phase_step=3223 step_wall_seconds=0.136 average_steps_per_second=6.802
[rollout-progress] event=step_complete task=0 step=6840 phase=base_6_assembly_clearance phase_index=11 phase_step=3283 step_wall_seconds=0.137 average_steps_per_second=6.800
[rollout-progress] event=step_complete task=0 step=6900 phase=base_6_assembly_clearance phase_index=11 phase_step=3343 step_wall_seconds=0.149 average_steps_per_second=6.797
[rollout-progress] event=step_complete task=0 step=6960 phase=base_6_assembly_clearance phase_index=11 phase_step=3403 step_wall_seconds=0.139 average_steps_per_second=6.794
[rollout-progress] event=step_complete task=0 step=7020 phase=base_6_assembly_clearance phase_index=11 phase_step=3463 step_wall_seconds=0.138 average_steps_per_second=6.791
[rollout-progress] event=step_complete task=0 step=7080 phase=base_6_assembly_clearance phase_index=11 phase_step=3523 step_wall_seconds=0.138 average_steps_per_second=6.780
[rollout-progress] event=step_complete task=0 step=7140 phase=base_6_assembly_clearance phase_index=11 phase_step=3583 step_wall_seconds=0.137 average_steps_per_second=6.777
[rollout-progress] event=step_complete task=0 step=7200 phase=base_6_assembly_clearance phase_index=11 phase_step=3643 step_wall_seconds=0.219 average_steps_per_second=6.776
[rollout-progress] event=step_complete task=0 step=7260 phase=base_6_transport_hover phase_index=12 phase_step=39 step_wall_seconds=0.137 average_steps_per_second=6.773
[rollout-progress] event=step_complete task=0 step=7320 phase=base_6_transport_hover phase_index=12 phase_step=99 step_wall_seconds=0.140 average_steps_per_second=6.762
[rollout-progress] event=step_complete task=0 step=7380 phase=base_6_transport_hover phase_index=12 phase_step=159 step_wall_seconds=0.139 average_steps_per_second=6.760
[rollout-progress] event=step_complete task=0 step=7440 phase=base_6_transport_hover phase_index=12 phase_step=219 step_wall_seconds=0.139 average_steps_per_second=6.758
[rollout-progress] event=step_complete task=0 step=7500 phase=base_6_transport_hover phase_index=12 phase_step=279 step_wall_seconds=0.139 average_steps_per_second=6.755
[rollout-progress] event=step_complete task=0 step=7560 phase=base_6_transport_hover phase_index=12 phase_step=339 step_wall_seconds=0.142 average_steps_per_second=6.753
[rollout-progress] event=step_complete task=0 step=7620 phase=base_6_transport_hover phase_index=12 phase_step=399 step_wall_seconds=0.140 average_steps_per_second=6.743
[rollout-progress] event=step_complete task=0 step=7680 phase=base_6_transport_hover phase_index=12 phase_step=459 step_wall_seconds=0.222 average_steps_per_second=6.741
[rollout-progress] event=step_complete task=0 step=7740 phase=base_6_transport_hover phase_index=12 phase_step=519 step_wall_seconds=0.139 average_steps_per_second=6.739
[rollout-progress] event=step_complete task=0 step=7800 phase=base_6_transport_hover phase_index=12 phase_step=579 step_wall_seconds=0.136 average_steps_per_second=6.738
[rollout-progress] event=step_complete task=0 step=7860 phase=base_6_transport_hover phase_index=12 phase_step=639 step_wall_seconds=0.138 average_steps_per_second=6.735
[rollout-progress] event=step_complete task=0 step=7920 phase=base_6_transport_hover phase_index=12 phase_step=699 step_wall_seconds=0.138 average_steps_per_second=6.726
[rollout-progress] event=step_complete task=0 step=7980 phase=base_6_transport_hover phase_index=12 phase_step=759 step_wall_seconds=0.138 average_steps_per_second=6.723
[rollout-progress] event=step_complete task=0 step=8040 phase=base_6_transport_hover phase_index=12 phase_step=819 step_wall_seconds=0.138 average_steps_per_second=6.722
[rollout-progress] event=step_complete task=0 step=8100 phase=base_6_transport_hover phase_index=12 phase_step=879 step_wall_seconds=0.136 average_steps_per_second=6.720
[rollout-progress] event=step_complete task=0 step=8160 phase=base_6_transport_hover phase_index=12 phase_step=939 step_wall_seconds=0.221 average_steps_per_second=6.719
[rollout-progress] event=step_complete task=0 step=8220 phase=base_6_place phase_index=13 phase_step=25 step_wall_seconds=0.138 average_steps_per_second=6.708
[rollout-progress] event=step_complete task=0 step=8280 phase=base_6_place phase_index=13 phase_step=85 step_wall_seconds=0.136 average_steps_per_second=6.707
[rollout-progress] event=step_complete task=0 step=8340 phase=base_6_place phase_index=13 phase_step=145 step_wall_seconds=0.139 average_steps_per_second=6.705
[rollout-progress] event=step_complete task=0 step=8400 phase=base_6_place phase_index=13 phase_step=205 step_wall_seconds=0.143 average_steps_per_second=6.702
[rollout-progress] event=step_complete task=0 step=8460 phase=base_6_place phase_index=13 phase_step=265 step_wall_seconds=0.150 average_steps_per_second=6.698
[rollout-progress] event=step_complete task=0 step=8520 phase=base_6_place phase_index=13 phase_step=325 step_wall_seconds=0.149 average_steps_per_second=6.687
[rollout-progress] event=step_complete task=0 step=8580 phase=base_6_place phase_index=13 phase_step=385 step_wall_seconds=0.145 average_steps_per_second=6.682
[rollout-progress] event=step_complete task=0 step=8640 phase=base_6_place phase_index=13 phase_step=445 step_wall_seconds=0.228 average_steps_per_second=6.679
[rollout-progress] event=step_complete task=0 step=8700 phase=base_6_place phase_index=13 phase_step=505 step_wall_seconds=0.142 average_steps_per_second=6.676
[rollout-progress] event=step_complete task=0 step=8760 phase=base_6_place phase_index=13 phase_step=565 step_wall_seconds=0.150 average_steps_per_second=6.673
[rollout-progress] event=step_complete task=0 step=8820 phase=base_6_place phase_index=13 phase_step=625 step_wall_seconds=0.143 average_steps_per_second=6.670
[rollout-progress] event=step_complete task=0 step=8880 phase=base_6_place phase_index=13 phase_step=685 step_wall_seconds=0.148 average_steps_per_second=6.659
[rollout-progress] event=step_complete task=0 step=8940 phase=base_6_physical_hold_check phase_index=14 phase_step=7 step_wall_seconds=0.133 average_steps_per_second=6.656
[rollout-progress] event=step_complete task=0 step=9000 phase=base_6_physical_hold_check phase_index=14 phase_step=67 step_wall_seconds=0.139 average_steps_per_second=6.654
[rollout-progress] event=step_complete task=0 step=9060 phase=base_6_restore_gravity phase_index=15 phase_step=31 step_wall_seconds=0.149 average_steps_per_second=6.651
[rollout-progress] event=step_complete task=0 step=9120 phase=base_6_set_down phase_index=17 phase_step=19 step_wall_seconds=0.223 average_steps_per_second=6.651
[rollout-progress] event=step_complete task=0 step=9180 phase=base_6_set_down phase_index=17 phase_step=79 step_wall_seconds=0.144 average_steps_per_second=6.640
[rollout-progress] event=step_complete task=0 step=9240 phase=base_6_set_down phase_index=17 phase_step=139 step_wall_seconds=0.146 average_steps_per_second=6.637
[rollout-progress] event=step_complete task=0 step=9300 phase=base_6_set_down phase_index=17 phase_step=199 step_wall_seconds=0.145 average_steps_per_second=6.634
[rollout-progress] event=step_complete task=0 step=9360 phase=base_6_set_down phase_index=17 phase_step=259 step_wall_seconds=0.143 average_steps_per_second=6.632
[rollout-progress] event=step_complete task=0 step=9420 phase=base_6_set_down phase_index=17 phase_step=319 step_wall_seconds=0.152 average_steps_per_second=6.629
[rollout-progress] event=step_complete task=0 step=9480 phase=base_6_set_down phase_index=17 phase_step=379 step_wall_seconds=0.146 average_steps_per_second=6.618
[rollout-progress] event=step_complete task=0 step=9540 phase=base_6_set_down phase_index=17 phase_step=439 step_wall_seconds=0.150 average_steps_per_second=6.614
[rollout-progress] event=step_complete task=0 step=9600 phase=base_6_set_down phase_index=17 phase_step=499 step_wall_seconds=0.226 average_steps_per_second=6.612
[rollout-progress] event=step_complete task=0 step=9660 phase=base_6_set_down phase_index=17 phase_step=559 step_wall_seconds=0.148 average_steps_per_second=6.609
[rollout-progress] event=step_complete task=0 step=9720 phase=base_6_set_down phase_index=17 phase_step=619 step_wall_seconds=0.161 average_steps_per_second=6.606
[rollout-progress] event=step_complete task=0 step=9780 phase=base_6_set_down phase_index=17 phase_step=679 step_wall_seconds=0.160 average_steps_per_second=6.600
[rollout-progress] event=step_complete task=0 step=9840 phase=base_6_set_down phase_index=17 phase_step=739 step_wall_seconds=0.161 average_steps_per_second=6.585
[rollout-progress] event=step_complete task=0 step=9900 phase=base_6_set_down phase_index=17 phase_step=799 step_wall_seconds=0.163 average_steps_per_second=6.579
[rollout-progress] event=step_complete task=0 step=9960 phase=base_6_set_down phase_index=17 phase_step=859 step_wall_seconds=0.163 average_steps_per_second=6.573
[rollout-progress] event=step_complete task=0 step=10020 phase=base_6_set_down phase_index=17 phase_step=919 step_wall_seconds=0.144 average_steps_per_second=6.569
[rollout-progress] event=step_complete task=0 step=10080 phase=base_6_set_down phase_index=17 phase_step=979 step_wall_seconds=0.233 average_steps_per_second=6.567
[rollout-progress] event=step_complete task=0 step=10140 phase=base_6_set_down phase_index=17 phase_step=1039 step_wall_seconds=0.153 average_steps_per_second=6.556
[rollout-progress] event=step_complete task=0 step=10200 phase=base_6_set_down phase_index=17 phase_step=1099 step_wall_seconds=0.142 average_steps_per_second=6.555
[rollout-progress] event=step_complete task=0 step=10260 phase=base_6_set_down phase_index=17 phase_step=1159 step_wall_seconds=0.144 average_steps_per_second=6.552
[rollout-progress] event=step_complete task=0 step=10320 phase=base_6_set_down phase_index=17 phase_step=1219 step_wall_seconds=0.145 average_steps_per_second=6.550
[rollout-progress] event=step_complete task=0 step=10380 phase=base_6_set_down phase_index=17 phase_step=1279 step_wall_seconds=0.145 average_steps_per_second=6.548
[rollout-progress] event=step_complete task=0 step=10440 phase=base_6_set_down phase_index=17 phase_step=1339 step_wall_seconds=0.143 average_steps_per_second=6.546
[rollout-progress] event=step_complete task=0 step=10500 phase=base_6_set_down phase_index=17 phase_step=1399 step_wall_seconds=0.146 average_steps_per_second=6.536
[rollout-progress] event=step_complete task=0 step=10560 phase=base_6_set_down phase_index=17 phase_step=1459 step_wall_seconds=0.230 average_steps_per_second=6.535
[rollout-progress] event=step_complete task=0 step=10620 phase=base_6_set_down phase_index=17 phase_step=1519 step_wall_seconds=0.148 average_steps_per_second=6.533
[rollout-progress] event=step_complete task=0 step=10680 phase=base_6_set_down phase_index=17 phase_step=1579 step_wall_seconds=0.146 average_steps_per_second=6.531
[rollout-progress] event=step_complete task=0 step=10740 phase=base_6_set_down phase_index=17 phase_step=1639 step_wall_seconds=0.144 average_steps_per_second=6.529
[rollout-progress] event=step_complete task=0 step=10800 phase=base_6_set_down phase_index=17 phase_step=1699 step_wall_seconds=0.147 average_steps_per_second=6.528
[rollout-progress] event=step_complete task=0 step=10860 phase=base_6_set_down phase_index=17 phase_step=1759 step_wall_seconds=0.154 average_steps_per_second=6.514
[rollout-progress] event=step_complete task=0 step=10920 phase=base_6_set_down phase_index=17 phase_step=1819 step_wall_seconds=0.145 average_steps_per_second=6.512
[rollout-progress] event=step_complete task=0 step=10980 phase=base_6_set_down phase_index=17 phase_step=1879 step_wall_seconds=0.143 average_steps_per_second=6.510
[rollout-progress] event=step_complete task=0 step=11040 phase=base_6_set_down phase_index=17 phase_step=1939 step_wall_seconds=0.231 average_steps_per_second=6.508
[rollout-progress] event=step_complete task=0 step=11100 phase=base_6_set_down phase_index=17 phase_step=1999 step_wall_seconds=0.149 average_steps_per_second=6.506
[rollout-progress] event=step_complete task=0 step=11160 phase=base_6_set_down phase_index=17 phase_step=2059 step_wall_seconds=0.143 average_steps_per_second=6.504
[rollout-progress] event=step_complete task=0 step=11220 phase=base_6_set_down phase_index=17 phase_step=2119 step_wall_seconds=0.150 average_steps_per_second=6.502
[rollout-progress] event=step_complete task=0 step=11280 phase=base_6_set_down phase_index=17 phase_step=2179 step_wall_seconds=0.148 average_steps_per_second=6.493
[rollout-progress] event=step_complete task=0 step=11340 phase=base_6_set_down phase_index=17 phase_step=2239 step_wall_seconds=0.146 average_steps_per_second=6.491
[rollout-progress] event=step_complete task=0 step=11400 phase=base_6_set_down phase_index=17 phase_step=2299 step_wall_seconds=0.144 average_steps_per_second=6.490
[rollout-progress] event=step_complete task=0 step=11460 phase=base_6_set_down phase_index=17 phase_step=2359 step_wall_seconds=0.149 average_steps_per_second=6.488
[rollout-progress] event=step_complete task=0 step=11520 phase=base_6_set_down phase_index=17 phase_step=2419 step_wall_seconds=0.227 average_steps_per_second=6.487
[rollout-progress] event=step_complete task=0 step=11580 phase=base_6_set_down phase_index=17 phase_step=2479 step_wall_seconds=0.147 average_steps_per_second=6.485
[rollout-progress] event=step_complete task=0 step=11640 phase=base_6_set_down phase_index=17 phase_step=2539 step_wall_seconds=0.150 average_steps_per_second=6.476
[rollout-progress] event=step_complete task=0 step=11700 phase=base_6_set_down phase_index=17 phase_step=2599 step_wall_seconds=0.147 average_steps_per_second=6.473
[rollout-progress] event=step_complete task=0 step=11760 phase=base_6_set_down phase_index=17 phase_step=2659 step_wall_seconds=0.148 average_steps_per_second=6.472
[rollout-progress] event=step_complete task=0 step=11820 phase=base_6_set_down phase_index=17 phase_step=2719 step_wall_seconds=0.149 average_steps_per_second=6.470
[rollout-progress] event=step_complete task=0 step=11880 phase=base_6_set_down phase_index=17 phase_step=2779 step_wall_seconds=0.143 average_steps_per_second=6.469
[rollout-progress] event=step_complete task=0 step=11940 phase=base_6_set_down phase_index=17 phase_step=2839 step_wall_seconds=0.144 average_steps_per_second=6.467
[rollout-progress] event=step_complete task=0 step=12000 phase=base_6_set_down phase_index=17 phase_step=2899 step_wall_seconds=0.232 average_steps_per_second=6.466
[rollout-progress] event=step_complete task=0 step=12060 phase=base_6_set_down phase_index=17 phase_step=2959 step_wall_seconds=0.146 average_steps_per_second=6.457
[rollout-progress] event=step_complete task=0 step=12120 phase=base_6_set_down phase_index=17 phase_step=3019 step_wall_seconds=0.144 average_steps_per_second=6.456
[rollout-progress] event=step_complete task=0 step=12180 phase=base_6_set_down phase_index=17 phase_step=3079 step_wall_seconds=0.148 average_steps_per_second=6.454
[rollout-progress] event=step_complete task=0 step=12240 phase=base_6_set_down phase_index=17 phase_step=3139 step_wall_seconds=0.147 average_steps_per_second=6.453
[rollout-progress] event=step_complete task=0 step=12300 phase=base_6_set_down phase_index=17 phase_step=3199 step_wall_seconds=0.147 average_steps_per_second=6.451
[rollout-progress] event=step_complete task=0 step=12360 phase=base_6_set_down phase_index=17 phase_step=3259 step_wall_seconds=0.143 average_steps_per_second=6.450
[rollout-progress] event=step_complete task=0 step=12420 phase=base_6_set_down phase_index=17 phase_step=3319 step_wall_seconds=0.144 average_steps_per_second=6.449
[rollout-progress] event=step_complete task=0 step=12480 phase=base_6_set_down phase_index=17 phase_step=3379 step_wall_seconds=0.230 average_steps_per_second=6.440
[rollout-progress] event=step_complete task=0 step=12540 phase=base_6_set_down phase_index=17 phase_step=3439 step_wall_seconds=0.150 average_steps_per_second=6.439
[rollout-progress] event=step_complete task=0 step=12600 phase=base_6_set_down phase_index=17 phase_step=3499 step_wall_seconds=0.145 average_steps_per_second=6.439
[rollout-progress] event=step_complete task=0 step=12660 phase=base_6_set_down phase_index=17 phase_step=3559 step_wall_seconds=0.144 average_steps_per_second=6.438
[rollout-progress] event=step_complete task=0 step=12720 phase=base_6_set_down phase_index=17 phase_step=3619 step_wall_seconds=0.145 average_steps_per_second=6.437
[rollout-progress] event=step_complete task=0 step=12780 phase=base_6_set_down phase_index=17 phase_step=3679 step_wall_seconds=0.146 average_steps_per_second=6.436
[rollout-progress] event=step_complete task=0 step=12840 phase=base_6_set_down phase_index=17 phase_step=3739 step_wall_seconds=0.145 average_steps_per_second=6.436
[rollout-progress] event=step_complete task=0 step=12900 phase=base_6_set_down phase_index=17 phase_step=3799 step_wall_seconds=0.144 average_steps_per_second=6.427
[rollout-progress] event=step_complete task=0 step=12960 phase=base_6_set_down phase_index=17 phase_step=3859 step_wall_seconds=0.223 average_steps_per_second=6.427
[rollout-progress] event=step_complete task=0 step=13020 phase=base_6_set_down phase_index=17 phase_step=3919 step_wall_seconds=0.142 average_steps_per_second=6.426
[rollout-progress] event=step_complete task=0 step=13080 phase=base_6_set_down phase_index=17 phase_step=3979 step_wall_seconds=0.144 average_steps_per_second=6.425
[rollout-progress] event=step_complete task=0 step=13140 phase=base_6_set_down phase_index=17 phase_step=4039 step_wall_seconds=0.144 average_steps_per_second=6.425
[rollout-progress] event=step_complete task=0 step=13200 phase=base_6_set_down phase_index=17 phase_step=4099 step_wall_seconds=0.143 average_steps_per_second=6.424
[rollout-progress] event=step_complete task=0 step=13260 phase=base_6_set_down phase_index=17 phase_step=4159 step_wall_seconds=0.145 average_steps_per_second=6.423
[rollout-progress] event=step_complete task=0 step=13320 phase=base_6_set_down phase_index=17 phase_step=4219 step_wall_seconds=0.146 average_steps_per_second=6.415
[rollout-progress] event=step_complete task=0 step=13380 phase=base_6_set_down phase_index=17 phase_step=4279 step_wall_seconds=0.146 average_steps_per_second=6.414
[rollout-progress] event=step_complete task=0 step=13440 phase=base_6_set_down phase_index=17 phase_step=4339 step_wall_seconds=0.227 average_steps_per_second=6.414
[rollout-progress] event=step_complete task=0 step=13500 phase=base_6_set_down phase_index=17 phase_step=4399 step_wall_seconds=0.150 average_steps_per_second=6.413
[rollout-progress] event=step_complete task=0 step=13560 phase=base_6_set_down phase_index=17 phase_step=4459 step_wall_seconds=0.143 average_steps_per_second=6.413
[rollout-progress] event=step_complete task=0 step=13620 phase=base_6_set_down phase_index=17 phase_step=4519 step_wall_seconds=0.145 average_steps_per_second=6.412
[rollout-progress] event=step_complete task=0 step=13680 phase=base_6_set_down phase_index=17 phase_step=4579 step_wall_seconds=0.143 average_steps_per_second=6.412
[rollout-progress] event=step_complete task=0 step=13740 phase=base_6_set_down phase_index=17 phase_step=4639 step_wall_seconds=0.145 average_steps_per_second=6.411
[rollout-progress] event=step_complete task=0 step=13800 phase=base_6_set_down phase_index=17 phase_step=4699 step_wall_seconds=0.146 average_steps_per_second=6.403
[rollout-progress] event=step_complete task=0 step=13860 phase=base_6_set_down phase_index=17 phase_step=4759 step_wall_seconds=0.141 average_steps_per_second=6.402
[2026-10-09 19:59:26,442][INFO] <PROJECT_ROOT>/internutopia/core/runner.py[line:189] -: Task 0 finished.
2026-10-09T12:02:51Z [2,395,400ms] [Warning] [omni.isaac.core.loggers.data_logger] omni.isaac.core.loggers.data_logger has been deprecated in favor of isaacsim.core.api.loggers.data_logger. Please update your code accordingly.
2026-10-09T12:02:51Z [2,395,405ms] [Warning] [omni.physx.tensors.plugin] prim '/World/env_0/objects/optical_board/mesh' was deleted while being used by a shape in a tensor view class. The physics.tensors simulationView was invalidated.
[2026-10-09 20:02:51,361][INFO] <PROJECT_ROOT>/internutopia/core/task/task.py[line:272] -: [cleanup] objs cleaned.
[2026-10-09 20:02:51,394][INFO] <PROJECT_ROOT>/internutopia/core/task/task.py[line:272] -: [cleanup] objs cleaned.
[2026-10-09 20:02:51,428][INFO] <PROJECT_ROOT>/internutopia/core/task/task.py[line:272] -: [cleanup] objs cleaned.
[2026-10-09 20:02:51,449][INFO] <PROJECT_ROOT>/internutopia/core/task/task.py[line:272] -: [cleanup] objs cleaned.
[2026-10-09 20:02:51,467][INFO] <PROJECT_ROOT>/internutopia/core/task/task.py[line:272] -: [cleanup] objs cleaned.
[2026-10-09 20:02:51,483][INFO] <PROJECT_ROOT>/internutopia/core/task/task.py[line:272] -: [cleanup] objs cleaned.
[2026-10-09 20:02:51,498][INFO] <PROJECT_ROOT>/internutopia/core/task/task.py[line:272] -: [cleanup] objs cleaned.
[2026-10-09 20:02:51,513][INFO] <PROJECT_ROOT>/internutopia/core/task/task.py[line:272] -: [cleanup] objs cleaned.
[2026-10-09 20:02:51,527][INFO] <PROJECT_ROOT>/internutopia/core/task/task.py[line:272] -: [cleanup] objs cleaned.
[2026-10-09 20:02:51,546][INFO] <PROJECT_ROOT>/internutopia/core/task/task.py[line:272] -: [cleanup] objs cleaned.
[2026-10-09 20:02:51,561][INFO] <PROJECT_ROOT>/internutopia/core/task/task.py[line:272] -: [cleanup] objs cleaned.
[2026-10-09 20:02:51,575][INFO] <PROJECT_ROOT>/internutopia/core/task/task.py[line:272] -: [cleanup] objs cleaned.
[2026-10-09 20:02:51,596][INFO] <PROJECT_ROOT>/internutopia/core/task/task.py[line:272] -: [cleanup] objs cleaned.
[2026-10-09 20:02:51,617][INFO] <PROJECT_ROOT>/internutopia/core/task/task.py[line:272] -: [cleanup] objs cleaned.
[2026-10-09 20:02:51,636][INFO] <PROJECT_ROOT>/internutopia/core/task/task.py[line:272] -: [cleanup] objs cleaned.
[2026-10-09 20:02:51,655][INFO] <PROJECT_ROOT>/internutopia/core/task/task.py[line:272] -: [cleanup] objs cleaned.
[2026-10-09 20:02:51,656][INFO] <PROJECT_ROOT>/internutopia/core/task/task.py[line:275] -: [cleanup] cleanup robot franka_left_0
[2026-10-09 20:02:51,662][DEBUG] <PROJECT_ROOT>/internutopia/core/robot/robot.py[line:126] -: [cleanup] robot franka_left_0 clean up
[2026-10-09 20:02:51,662][INFO] <PROJECT_ROOT>/internutopia/core/task/task.py[line:280] -: [cleanup] robots cleaned.
[2026-10-09 20:02:51,662][INFO] <PROJECT_ROOT>/internutopia/core/task/task.py[line:275] -: [cleanup] cleanup robot franka_right_0
[2026-10-09 20:02:51,665][DEBUG] <PROJECT_ROOT>/internutopia/core/robot/robot.py[line:126] -: [cleanup] robot franka_right_0 clean up
[2026-10-09 20:02:51,665][INFO] <PROJECT_ROOT>/internutopia/core/task/task.py[line:280] -: [cleanup] robots cleaned.
[2026-10-09 20:02:51,665][INFO] <PROJECT_ROOT>/internutopia/core/runner.py[line:352] -: Clear stage: /World/env_0
2026-10-09T12:02:51Z [2,395,959ms] [Warning] [omni.fabric.plugin] removePaths called with a non-existent path /__Prototype_5313679732620340281/base/mesh 

[2026-10-09 20:02:51,871][INFO] <PROJECT_ROOT>/internutopia/core/runner.py[line:457] -: ===================== episodes ========================
[2026-10-09 20:02:51,872][INFO] <PROJECT_ROOT>/internutopia/core/runner.py[line:460] -: ======================================================
[2026-10-09 20:02:51,872][INFO] <PROJECT_ROOT>/internutopia/core/vec_env.py[line:91] -: No more episodes left
[2397.302s] Simulation App Shutting Down
EXIT 0 2026-10-09T20:02:55+08:00
